Lat,Lon
21.0060667,105.8446
21.006056164474607,105.8446042449363
21.00604911699011,105.84461985280906
21.0060473778877,105.84463910079776
21.006052693822284,105.84465435880264
21.006062693273215,105.8446631786963
21.00606903808361,105.844670791776
21.00606819857972,105.84468005817948
21.006061770602606,105.84469066357322
21.006051626435703,105.84469924519615
21.006040210118865,105.84470165710647
21.006033220699315,105.84469992966706
21.006033912563623,105.84469838013165
21.006032125669975,105.84470106988842
21.006022209457964,105.8447097125283
21.00601516292733,105.84472093347956
21.006015758765344,105.8447305850036
21.006017206046856,105.84473464562588
21.006016870950234,105.84473377854667
21.0060164687544,105.84473255388164
21.006016646063514,105.84473309982339
21.006017155838208,105.84473512201015
21.006016604435636,105.84473290923594
21.00601498877778,105.84472304125676
21.006018240426005,105.84471597939032
21.006028082988138,105.84471692447228
21.006035256733778,105.84471463135016
21.006035003225715,105.8447047677823
21.006029928409404,105.84469420829505
21.006020178776183,105.84468543885396
21.006002915972417,105.844676819771
21.005970343842073,105.84466750149241
21.005914897838537,105.84465756497168
21.005843148922363,105.84464941945441
21.005767067388835,105.84464291975911
21.005701224687456,105.84462796610843
21.00564840340212,105.84460586445418
21.00558871189666,105.84460204702546
21.005514483265006,105.84461497896748
21.00543567102439,105.84461024942378
21.005363851853733,105.84458790457481
21.005309324541816,105.84457277312694
21.005268605886926,105.84456691871719
21.005230105781294,105.84456367227965
21.005175175313074,105.84456787136465
21.00512115413857,105.84458794887425
21.005188947697036,105.84463279855778
21.00526968918717,105.84469849629865
21.004848878582486,105.844759046294
21.00404163718181,105.84479497840903
21.0036408571304,105.84479826256391
21.003672406408715,105.84478501741849
21.003657312369782,105.84478290278533
21.003536091491483,105.84478343939176
21.00341740900868,105.84476848395862
21.003319725693007,105.84474697479979
21.003236320377617,105.84472913495341
21.003158212912687,105.84471001126283
21.00308346797052,105.84468991088447
21.003021420905142,105.84468085145318
21.00296861951909,105.84468263685699
21.002909041425156,105.84468197454188
21.002843661992443,105.84467007843554
21.0027837012085,105.84464550364966
21.002732897993752,105.84463335038848
21.002689200540438,105.84465373818558
21.002640094038288,105.84466585401846
21.002581893527935,105.84464427426427
21.00253724212882,105.8446342399893
21.00250549296897,105.84465525854839
21.0024482189843,105.84467535489233
21.002370407277315,105.84469156814316
21.002315591058657,105.84472790348484
21.0022736152817,105.84476435549041
21.002210590354323,105.84476398126957
21.002148100171688,105.84474973997648
21.002115420871515,105.84475485574795
21.002095561637024,105.8447697005483
21.002069592726137,105.84478025544472
21.00203675517961,105.84478377025611
21.001999880731752,105.84478294828422
21.00196322838048,105.84478568501402
21.00192701149726,105.84479587988177
21.001887597704016,105.84481308487892
21.00183908491749,105.84483164935705
21.00177714572285,105.84484430960164
21.001712485021166,105.84485021902013
21.001656218634373,105.84485439075853
21.001604188243558,105.84487368568219
21.001550445512972,105.84491214038766
21.001491736462544,105.84494395397822
21.001427629581816,105.84496038987457
21.001361010489184,105.84497764719282
21.001297488611662,105.84499656686314
21.00124290225011,105.84500537128402
21.001187793389537,105.84500081827554
21.00111887070865,105.84498723482562
21.001042455563784,105.84498413764305
21.00096829283874,105.84500319928678
21.0008980719072,105.84501886307062
21.000827467244083,105.84501743867703
21.000744343321657,105.84501916988567
21.000651114468603,105.8450299095673
21.000566432425558,105.84503542894281
21.000485665343195,105.84503380775752
21.000389789544347,105.8450324107219
21.00028747975305,105.84503322547974
21.000195124194374,105.84503727281015
21.00010460206227,105.84505306435219
21.000005745728156,105.8450864949025
20.99990189108431,105.84513057214318
20.99979994640899,105.84518284596852
20.999708661511328,105.84525154500388
20.999627981795634,105.84532708090344
20.999548568759327,105.8453823277328
20.999465734078935,105.84542448001935
20.99937824525955,105.84547924273147
20.99928452892611,105.84553276573094
20.99918443284062,105.84556334767652
20.999084432685134,105.84558788605338
20.998991013567284,105.8456234916878
20.998906275079705,105.84566272610225
20.99882584121917,105.84569922187052
20.99873704225026,105.84573389817963
20.998644191529245,105.84576135944768
20.99856668182579,105.84577073709185
20.99849547178688,105.8457673546718
20.99840820562367,105.84576350911588
20.998315157478416,105.84574956614851
20.998232603005448,105.84571476936759
20.99815045799321,105.84567705932106
20.998059525260263,105.84565011230782
20.997966948291953,105.84562237926471
20.997876323110447,105.8455926559008
20.997783265904985,105.84557884458826
20.99769171840847,105.84558166726138
20.997612447014774,105.84558557142618
20.997542013622052,105.84558394096828
20.997470200492778,105.84557637703408
20.997396499392078,105.84556622789795
20.99732643672091,105.84555697638652
20.99727412590057,105.84554797249599
20.997245496783215,105.84553860850585
20.997225299240807,105.84553019890673
20.997199124202446,105.84552165117036
20.997158234688015,105.8455080330001
20.997110859487265,105.84547892462
20.997077847545537,105.84542148981332
20.99706663284442,105.84534143221808
20.99707644556612,105.84525061826466
20.997102456956572,105.8451404019231
20.997138152675173,105.84500469479093
20.997175886561827,105.84486702822909
20.997211811898143,105.84474096409203
20.99724972042194,105.84460972432022
20.997287285968284,105.8444709403685
20.9973148007059,105.84434196669436
20.997341296860018,105.84420510149748
20.997388739847747,105.84401660250411
20.997461310875636,105.84375303452035
20.997549688398212,105.84342339391925
20.997622686010168,105.84314337409425
20.99765674097072,105.8430001576995
20.997669601083402,105.84290481048384
20.997684270766683,105.84278606730649
20.997719236323224,105.84266108024794
20.997776208473866,105.84254305090354
20.997838517458213,105.84242963216995
20.997891432878195,105.84231010658632
20.997923625779716,105.84218078252556
20.997933334520965,105.84213196140816
20.997930458260303,105.84219658280135
20.99795731181873,105.84196450833103
20.99803385265933,105.84122134482416
20.99809718790875,105.84059514538514
20.998114025886526,105.84042556460868
20.998121773920687,105.84035492371632
20.998141175860926,105.84021436223573
20.99816824762083,105.8400964747246
20.998195766399466,105.84002624030869
20.998216556828996,105.83997678751625
20.998233234568268,105.83993346800052
20.998251113322166,105.83988881121886
20.998269820790544,105.83984203492724
20.99828810585413,105.83979090582697
20.99830609536241,105.8397256586104
20.998324218664493,105.83964349463255
20.998342981134915,105.83955378367786
20.998361356978492,105.83946239344213
20.998377465847785,105.83937075273958
20.998396436909896,105.8392798231958
20.99842478019703,105.83918983040634
20.99845047873588,105.83909751424078
20.998461076946107,105.8389993613611
20.998468854131005,105.83889586196292
20.998485624211636,105.83878770185177
20.998509320132374,105.83867410152627
20.99853674996564,105.83856228991692
20.998566176671034,105.83846851443269
20.99860306804745,105.83836082602859
20.99865378032601,105.83818544666711
20.998670522850787,105.83810650545333
20.998620664728925,105.83825259794419
20.998732800917278,105.83784338347961
20.999163182043016,105.83633613349983
20.999513897411312,105.8350690089816
20.99952235126165,105.83492217551701
20.999443263097895,105.83502333636363
20.99943148566713,105.83486778058749
20.999432053902662,105.83470083019269
20.999440577562066,105.8346168714068
20.99949851786988,105.8345483472355
20.99957766998684,105.83447326742336
20.999625011204355,105.83439478365749
20.999652400035604,105.83430882269482
20.999682155284855,105.8342112899934
20.99970402552172,105.83410546263993
20.999712366237677,105.8339958707005
20.999721971241062,105.8338866016673
20.999740690703142,105.83377768052162
20.99976533264613,105.83366447585472
20.999793338270017,105.83354478366746
20.999822774873426,105.83341888600879
20.999848787185787,105.83329037766151
20.999867427055445,105.83316312999551
20.99988574547625,105.83303489613122
20.99991117090285,105.8329050879997
20.999943002936256,105.8327828023038
20.999979232254162,105.83266714196833
21.000018237744747,105.83253762208876
21.00006337160582,105.83239776520915
21.00012164779869,105.83227734548184
21.00017600785584,105.83217166130517
21.000197840767385,105.83205660910401
21.000199929442754,105.83195215053786
21.0002123834272,105.83186950609304
21.000260020726444,105.83169698579034
21.000329182406105,105.83139529392542
21.000311474815852,105.83119640954556
21.000182469093268,105.83117366561159
21.000074208080736,105.831083126415
21.00003760130108,105.83088755356938
21.000028948033787,105.83077759785665
21.000043618522106,105.8307786062376
21.000098724076683,105.8308066799468
21.000166989700382,105.83081665889826
21.00021238144362,105.83079196265673
21.000236511173703,105.83076312674471
21.00025674543413,105.83075409226633
21.000305257628384,105.83074566738397
21.000383041247673,105.83072667977866
21.000442823176773,105.8307069163152
21.00046548038409,105.83068918955954
21.00046279595128,105.83066808154814
21.000451241962985,105.83063831926968
21.000446839730085,105.83059644938261
21.000450190528703,105.83054831662025
21.000457471607668,105.83050158727008
21.000469745418282,105.83045794106931
21.000487520518988,105.83041450389057
21.000507670170904,105.83036156628836
21.000526405148342,105.83029702085351
21.000539897044828,105.83023024614145
21.000548168966464,105.8301668390518
21.00055480836362,105.83010826876388
21.00056512513286,105.83005530159984
21.000583148324218,105.83000795797463
21.000600910374093,105.82996387154887
21.000610679089068,105.82991965348678
21.000619025654476,105.82987129425082
21.00062948735933,105.82982211861754
21.00063381699605,105.82978996576102
21.000632436388514,105.82977441770016
21.000637717583253,105.82975125281065
21.00064815607556,105.82972210703807
21.000651872917366,105.82970765240034
21.00065012664911,105.82970082414727
21.00064964914438,105.82968461236705
21.000649994641396,105.82966506019949
21.00064961822705,105.82965280232824
21.000650479782767,105.82965031070744
21.00065175724421,105.82965257733332
21.000646523028017,105.82964404919103
21.000636170426368,105.8296239021292
21.000631839722576,105.82960894180599
21.000633174615427,105.82960152027502
21.0006322805492,105.8295933550764
21.00063306379296,105.82958373386779
21.000641921532775,105.8295748675292
21.000650670012146,105.82956540393623
21.00065154200391,105.82955501888613
21.000649493687206,105.82954901867049
21.000649220055433,105.82954925435095
21.00065110459188,105.82955016924856
21.000651585079545,105.82954986560868
21.00064419859203,105.82955082408414
21.000634323535305,105.82955064389276
21.000633083827683,105.82954432139904
21.000633367471732,105.82953349080654
21.000624689319242,105.82952265332628
21.000615873402754,105.82951614119389
21.00061525756299,105.82951574265718
21.000617126993202,105.82951695948671
21.00061709423785,105.82951688388026
21.00061632726708,105.82951662992997
21.00061631422501,105.82951669149809
21.000617960640945,105.82951663785269
21.000617432836844,105.82951665203072
21.00060954691534,105.82951708645523
21.000599901152054,105.82951668041427
21.00059668591689,105.82951507751716
21.000601487146536,105.82951785141725
21.000611578901847,105.82952738710452
21.000618023476495,105.82953540706507
21.00061755888829,105.82953587862067
21.00061627328021,105.82952851058702
21.000616559959216,105.82951863846013
21.000616820065872,105.82951533169569
21.00061671470111,105.82951663656624
21.00061666900028,105.82951582660345
21.000616701208212,105.82951689352942
21.000616708444078,105.82952497614957
21.000616697714815,105.82953541534619
21.00061669389365,105.829544325183
21.00061670764355,105.82955398739337
21.000616715529677,105.82956377475281
21.000616660497645,105.82956836560541
21.00061665765918,105.82956738451692
21.000616889241858,105.82956505169572
21.00061676857324,105.82956620749448
21.00061587403081,105.82957429540802
21.000616926706037,105.82958387260243
21.000623377892,105.82958742942361
21.000637607963448,105.82958039560685
21.00065722618724,105.82956256303122
21.00067119044345,105.82954091298639
21.00067885814819,105.82951471343183
21.00069288896444,105.82947323772301
21.000712504829995,105.82941546865044
21.00072785492454,105.82934797571866
21.000747993394207,105.82927217879414
21.000787260791835,105.82918666180305
21.000838835647603,105.82908927290973
21.000892791716016,105.82898060227261
21.000949141965624,105.82886987665066
21.00100558468803,105.82876148864521
21.001052593161948,105.82864841638414
21.001088039953565,105.8285291332669
21.00111937025732,105.82840950964562
21.001156919844565,105.82829138718147
21.001209826079446,105.8281733998743
21.00126488786158,105.82805452520489
21.001304569606763,105.82793478516913
21.0013380040552,105.82781801755121
21.001375364896617,105.82770736126726
21.00140955389273,105.82760115080141
21.001436645938593,105.82749367980266
21.001462674640322,105.82737462161636
21.001490285322344,105.8272537450197
21.00151842617404,105.82715726210306
21.00155723767459,105.82704505955888
21.00162100409984,105.82684568295704
21.001699389030268,105.82658538043458
21.001772322633926,105.82632540820342
21.001822788696064,105.82609984074436
21.00185258516318,105.82594670010837
21.00190732500274,105.82592602865748
21.001995409941095,105.82580502494942
21.00206022031161,105.8249384754937
21.002099936627115,105.8236444967789
21.00216586379204,105.823107954315
21.002241549997045,105.82325635727848
21.002278379464457,105.82332329383904
21.00230072079344,105.8232658026603
21.00234556797913,105.823266462348
21.002390280176066,105.82328357549277
21.002411809318936,105.82325936231649
21.002417830096213,105.82321863883598
21.00241751271542,105.82318225600139
21.002416012642577,105.82314940788997
21.002416184284876,105.82312246609133
21.002418482106705,105.82310727886639
21.002417458518938,105.82310062529372
21.002407365292022,105.8230943546154
21.002399969051954,105.82308245302241
21.00240705560011,105.8230632723919
21.002419144571356,105.82304736387593
21.00242799708914,105.82303946275022
21.00243733155052,105.82302701522055
21.002447215056637,105.8230074099545
21.002451357882748,105.8229932446642
21.00245030866646,105.82298546971266
21.00245001555265,105.82297568181174
21.002450102905698,105.82296708694768
21.002448307919718,105.82296648834917
21.002450542437597,105.82296642290436
21.002460604512336,105.82295863946602
21.00246738617297,105.8229470265903
21.00246612757769,105.82293695411506
21.00246950549062,105.82293199306503
21.002479911912676,105.82293240304477
21.00248549969652,105.82293461942962
21.002484027404133,105.82293425980458
21.00248133201566,105.82292737304198
21.00248295482818,105.82291725321258
21.00249194400698,105.8229088979821
21.002500622335567,105.82289853447487
21.002501844074335,105.82288180817578
21.002499155065003,105.82286025470817
21.002498015860226,105.8228397949682
21.002503648376464,105.82283176246023
21.002513844405147,105.8228337223984
21.002518742944524,105.82282857643202
21.002517276190318,105.82281806598597
21.002514898241433,105.82281558762492
21.00251654485097,105.82281673890668
21.002524936238103,105.8228111250171
21.002534427280022,105.82279765679391
21.002541740060565,105.82277912267286
21.00255565368798,105.82276170131992
21.00257603721131,105.82274516822895
21.002585715905717,105.82271838652558
21.00258363865198,105.82268039476116
21.002586110893382,105.82264135369513
21.002597468491675,105.8226057175704
21.002613868560278,105.82257263482802
21.002633319968435,105.82253325484153
21.002653638845025,105.82248008877482
21.00266859750199,105.82242409881233
21.002676490920575,105.82237642392644
21.002688766479643,105.82233746086975
21.002708346954226,105.82230220442601
21.002722915811496,105.82226045579608
21.0027307360411,105.82221363103936
21.002740394342396,105.82217346542322
21.002749345692912,105.8221383918606
21.002750298983287,105.82209890581031
21.002750096946365,105.8220482009851
21.00275755476428,105.82198460717994
21.002769045727582,105.8219212710304
21.002779132135494,105.82187147924515
21.00278468861374,105.82184069246395
21.002784713419356,105.82180353773408
21.00278102013985,105.82169803719773
21.00278098409479,105.82155096357164
21.002794869787778,105.82146077303247
21.002814887110205,105.8214343022862
21.002824509173937,105.82143016421497
21.002815519602134,105.82143363265928
21.00278825790969,105.82144096574605
21.002761775733042,105.82145346430914
21.00275051966081,105.82146644598531
21.002751628794517,105.82146128663366
21.00276098611733,105.82143262435325
21.002775672043178,105.82139417238153
21.002794548489494,105.82135776079896
21.00281684233524,105.82133181332325
21.002832736337663,105.82131743392905
21.00283286643589,105.82131038495719
21.002834121632795,105.82129829844294
21.002851760344463,105.82127237306766
21.002870678465122,105.82124247401032
21.00287981177614,105.82121562658412
21.002886388948507,105.82118710820193
21.002895578653554,105.82115872980518
21.002907341183825,105.82114090108405
21.00291611269435,105.82113407149892
21.00291484831192,105.82113028564542
21.002916166548573,105.82111780337014
21.00293471966542,105.8210891843365
21.002950852101527,105.82106493250818
21.002949141103112,105.82105864515066
21.002953649095637,105.8210422001172
21.002974386488262,105.82100354820045
21.00298606160869,105.82096997542197
21.00298362990327,105.82094521555153
21.00298676149014,105.8209053011024
21.002997843168696,105.82085754954926
21.003007617428743,105.82082693715309
21.003016495198317,105.8208006954295
21.003027187189506,105.82075742435278
21.003033695954066,105.82071015575633
21.003032912729555,105.82067289293943
21.003034958505914,105.82063870474391
21.003044538667616,105.82060209862566
21.003054634882346,105.82056508988026
21.003063352631887,105.82052876131054
21.00307433475923,105.82049257163382
21.003082850196563,105.82045599344762
21.003081639940646,105.82041885663176
21.003083397410737,105.82038296615248
21.003101263598,105.82035158326332
21.0031188213604,105.82033052361047
21.003121083915044,105.82032121736832
21.003113327318292,105.82031346889543
21.003103380403203,105.8203033887701
21.003098263929285,105.82029847525065
21.00309916817748,105.82029948667531
21.003101776495868,105.8203004529506
21.00310072332107,105.82030006615165
21.003092041472787,105.82029978127595
21.003083082061288,105.82030001978057
21.003081812248226,105.82030047029969
21.003083558700418,105.82029963909174
21.00308360945353,105.8202983308832
21.003083213376545,105.82030272936632
21.003083278068377,105.82031281364632
21.00308323199764,105.82031945810755
21.003083199227834,105.82031832153821
21.003083777535785,105.82031026300828
21.0030834826166,105.82030074166782
21.003081173590854,105.82029676598235
21.00308385143069,105.82030052466084
21.00309520697534,105.82031039244607
21.00309932004708,105.82031772112902
21.003088999877633,105.82031777419975
21.00308192321476,105.82031632854829
21.003083402351013,105.82031652735851
21.003080220742977,105.82031673709363
21.00306964943521,105.82031665257432
21.003058108100575,105.82031705158302
21.00305031600207,105.82031679938494
21.00304879794163,105.82031505470047
21.00305010822588,105.82031731600783
21.003050360019557,105.82032686514039
21.003049844816804,105.82033460751009
21.003049617828758,105.82033481169773
21.003050626843237,105.82033209973882
21.00305105010802,105.82033177139284
21.00304619036809,105.82033748025859
21.003035887692057,105.82033665708006
21.00302517148043,105.82031443358036
21.003032258445653,105.82033040985287
21.003060701810064,105.82041565780267
21.003020066943655,105.82031471980147
21.002861022680243,105.8198872141934
21.00271760793165,105.8195240686247
21.002665436266533,105.81944076021811
21.00263113482726,105.81941048280474
21.002582432230184,105.81931999041245
21.002543965073492,105.81922085014057
21.002508577673545,105.81913239773789
21.00245092241778,105.81904904052604
21.002384016382063,105.81898386744959
21.00233181728937,105.81894775311743
21.00229488796517,105.8189084442411
21.00226714187358,105.81884345045034
21.00224112140266,105.81878222737704
21.00221341768176,105.81873865548634
21.002187028525217,105.81869077573577
21.002160079330004,105.81863425256569
21.00212618387319,105.81858398222388
21.002088738560083,105.81854008056966
21.002056569620766,105.81849442541557
21.002032948280103,105.81844920828021
21.002016277638955,105.81840977329925
21.0019949547561,105.81837783781361
21.001960464246086,105.81835133969895
21.001916826326756,105.81832163143633
21.001870476590476,105.81828494759375
21.001828542776572,105.81824587554995
21.001792979108625,105.81820949334376
21.001761386273788,105.81817995257258
21.00173580460402,105.81815346254893
21.001718627563456,105.81812213267322
21.001698732823037,105.81808102297398
21.00166513050371,105.81802847483561
21.001624158015375,105.81797043441621
21.001585444739803,105.81791407342754
21.001557457457128,105.81786546027435
21.001540217694327,105.81782151131975
21.001523233458844,105.81776835505005
21.0015045158856,105.81771230251405
21.001488676483216,105.81767468337848
21.001469154629092,105.81765196461927
21.00143635097484,105.81762856179223
21.00139694360767,105.81759713488498
21.001359904076654,105.8175546693633
21.0013244181702,105.81750311717012
21.001288301763523,105.81744739735092
21.001250760732873,105.81739608775958
21.001221330905157,105.81735119406397
21.001220402050073,105.81730647368975
21.001243643624157,105.81726061416414
21.001268228214492,105.81721716908577
21.00128283749254,105.81718472337357
21.00128467269987,105.81717081654068
21.00128342310048,105.81716621982017
21.001289632049605,105.81716288095221
21.00130543117631,105.81717070774617
21.001331356166173,105.81719087388258
21.001367759032856,105.8172036326179
21.001413857584236,105.81720216367046
21.001467355396223,105.81719610759163
21.001522535469157,105.81718631777134
21.001573495366817,105.81716833816927
21.001631075435377,105.81715042689461
21.00170597483827,105.81714190315549
21.001774652778142,105.81713100257134
21.001819908877117,105.81710621573094
21.001866305718156,105.81707217825044
21.001929909849565,105.81703528978272
21.002001615002886,105.81700020415155
21.0020747003115,105.81696437523128
21.00214756123739,105.81691927488703
21.002220466415306,105.81687332912392
21.00229428054982,105.81684414062585
21.0023664960197,105.81683330974934
21.002433464901102,105.81683394457228
21.002492656712413,105.81683217343951
21.0025458795552,105.81681707908488
21.00260473592581,105.81678925467705
21.002676855823406,105.81675256097864
21.002761432239936,105.81671318534168
21.002853750045894,105.8166767896942
21.00294644123732,105.81664754219594
21.003037042518116,105.81662091352145
21.003124944412036,105.81658829753563
21.003201845403137,105.81654885754523
21.003260630904997,105.81650461301196
21.00330946279686,105.81645704981342
21.003355920620926,105.81640957828947
21.003398410856928,105.81636996345523
21.003435165335485,105.81633557635462
21.003466017348117,105.81628933762633
21.00349268127097,105.81623239421634
21.00351943537465,105.81618259716998
21.003560257255852,105.81615191877619
21.003628589422597,105.81614545484521
21.003703936300685,105.81615024111362
21.003765878799328,105.81615146844673
21.003834357348243,105.8161493949516
21.003919304727447,105.81614311035008
21.003993086990445,105.81612313058389
21.00404586866374,105.81609341553883
21.00409623150089,105.8160749066899
21.004151916640684,105.81605823571412
21.004209703322203,105.81601307838594
21.004262718426624,105.81595434106949
21.004306173731322,105.81591314354972
21.00435501607073,105.81588018552802
21.004423614996863,105.81583816251944
21.00450493423426,105.8157853631016
21.004583082392625,105.81572289316154
21.00463373063703,105.81565167002294
21.004649894592003,105.81557760758558
21.004646346899968,105.81551217153918
21.00463567588873,105.81546002336982
21.004625270843352,105.81541976457213
21.004602074222746,105.8153851817618
21.004551054273122,105.81534932612085
21.004494050365004,105.81531238128616
21.004450160840907,105.81527590409222
21.004400242923253,105.8152394012213
21.004334939334843,105.81520274292971
21.004273145969158,105.81516697732101
21.00421997805612,105.8151308485175
21.004164141682665,105.81508982927035
21.00412078547103,105.81503162850669
21.00411761364046,105.81494237650794
21.004133059051714,105.81483587795776
21.004126640132085,105.81473343570265
21.004071150622572,105.81463569347943
21.003962971837744,105.81453731437053
21.00384995263253,105.8144320106552
21.003765734618398,105.81432104699479
21.003707543661942,105.81421775905902
21.003664177515585,105.8141278667311
21.003620318360152,105.81404750963006
21.00357410339823,105.81396503235469
21.003530717593296,105.81386757162385
21.003482986074932,105.81376613810076
21.003422319914183,105.81368052477295
21.003354574223405,105.81362670354756
21.00328854718382,105.8136071220544
21.003231384861728,105.81359462634563
21.003179124715643,105.81357515645192
21.00311281482677,105.81356044830903
21.00303734777778,105.81356173217712
21.002978042329705,105.8135864061118
21.002925116288054,105.81362735028495
21.00285394972763,105.81367113592047
21.002781012838486,105.81371853239611
21.00272667074576,105.81376985810675
21.002669820410503,105.81380472011159
21.002586409344893,105.81381839329349
21.002467254375414,105.81384934086648
21.00234691866349,105.81388687098841
21.002306114320113,105.81385629707191
21.002221840202193,105.8138880637122
21.001840751678902,105.81424400154837
21.001396579133683,105.8146861472932
21.001295437502094,105.81479679617904
21.001388721545055,105.81471149065811
21.001428085870813,105.81467444015475
21.001463857475784,105.8146618831404
21.00154991476413,105.8146262424016
21.00162537598758,105.81458225332585
21.001666587321903,105.8145378309106
21.00171246748261,105.81448385250043
21.001769881960513,105.81442815592975
21.001819111514642,105.81439056721291
21.001863156466573,105.81436818772796
21.001914451742234,105.81434871051766
21.001972429595877,105.81433190200858
21.002034219840976,105.8143242794498
21.002102221820966,105.81434086098955
21.002164910920882,105.81436400571683
21.00218466504371,105.81431555718255
21.002168901864376,105.81420309981884
21.00217703377849,105.81413588104363
21.00221041490719,105.81413137512956
21.002228303565637,105.81413789593766
21.0022178406806,105.81413384483636
21.002188143927825,105.81412329493433
21.002186590028572,105.81415934105249
21.00220607566413,105.8142349523815
21.002063868097597,105.81414378698231
21.001909935444466,105.81403672816117
21.002476708960995,105.81469398399528
21.003560982348972,105.8159126686376
21.003977392543735,105.81645457642158
21.0037212187256,105.816302655842
21.003542719914524,105.81622336657195
21.003517076393006,105.81629877969621
21.003464427604612,105.81634931240396
21.00338876882158,105.81636945946137
21.003328900076916,105.81638811619737
21.003289008519204,105.81640508716305
21.003262658610193,105.81641551898392
21.003235754664185,105.8164149688539
21.00320743054667,105.81641336298739
21.003188940344465,105.81643230049993
21.003170964119743,105.81646275258498
21.003134263088462,105.81648134893467
21.003082499781204,105.81650040672417
21.003027054364708,105.81653700322899
21.002973716584634,105.8165717907265
21.002921754221887,105.81658995663143
21.00285855659638,105.81660728707776
21.002777048814753,105.81663452314956
21.002680897852265,105.81666875058971
21.00257935687451,105.816705760115
21.00248468378125,105.81674168783448
21.002394889073496,105.81677833278843
21.002302040730466,105.81681847115718
21.00221297685528,105.81685107116037
21.00213648674818,105.81686810127998
21.002069237713542,105.81688959144473
21.00200570634921,105.81692716268347
21.001941465705364,105.81696163255374
21.00187687496966,105.8169800900026
21.001818122945124,105.81698332428135
21.001764455258147,105.8169721531249
21.001709644333115,105.81694859742029
21.00165507224096,105.81693321931716
21.001605788077857,105.8169478636257
21.001563844469263,105.816967430455
21.001531406184384,105.81696322319654
21.00151415764696,105.81694518289471
21.001508034592835,105.81692114583456
21.00148920546667,105.81688026868902
21.001458351108255,105.81683112217299
21.001445913452983,105.81680491669631
21.001428815630245,105.81676916858672
21.001360050508357,105.81666364540722
21.001359321217794,105.81662737960293
21.001510049535018,105.81675758556061
21.001309239449746,105.81645818554088
21.000459856634404,105.81539166007875
20.99978790719152,105.81459192810195
20.99976268025552,105.81463899075094
20.999850070384195,105.81485466259495
20.99979138535014,105.81490169715491
20.99975515005327,105.81497253979472
20.999789288666946,105.81509510134194
20.99984009668962,105.81516801189524
20.999882070760794,105.81518336224555
20.999904141066793,105.81517510946416
20.999897033225555,105.81516615670303
20.99986137385134,105.81516716494299
20.99982288989922,105.81516454575603
20.999796137645607,105.81515357061217
20.999770742401477,105.81514963843226
20.99975124150733,105.81513471922673
20.999757200001095,105.81506100549446
20.999767956550834,105.81497491043223
20.99974493168813,105.81496669849804
20.99971677794489,105.81498336213494
20.999723274435,105.81494308216611
20.999733107912807,105.8148949180943
20.9997165918751,105.81488609922766
20.99969262084986,105.81487740758658
20.999674834962153,105.81484769656215
20.99965768830364,105.81482265628242
20.99963909256472,105.81480657697622
20.99962154112897,105.81478115514129
20.99960310420407,105.81475302062577
20.999579448868122,105.81473872319147
20.999549220250238,105.81471578582814
20.9995161914158,105.81465853629074
20.999498827630887,105.8145860395697
20.999502090152866,105.81451994449645
20.999493058445964,105.81446407815912
20.99945581579658,105.81441832345402
20.99940598085927,105.81438028537907
20.999360267156284,105.81434444755295
20.999331428584128,105.81430328740446
20.999304498540518,105.81425588609582
20.999255239855255,105.81420628207347
20.99919711538251,105.8141649081078
20.999149616894776,105.81414105650649
20.999106994225432,105.81413243697595
20.999066756669354,105.81413275222938
20.999043946851895,105.81413272053022
20.99903737939878,105.81413152161214
20.99902375536045,105.81413998099282
20.99901375229423,105.81417028412133
20.9990411964105,105.81423113879764
20.99908107247045,105.81429565593824
20.99909303481645,105.81433308029472
20.99912144061589,105.81439061511165
20.99919831113279,105.81447374753348
20.99923216059952,105.81438205506154
20.999244514632334,105.81427727351922
20.999509430836266,105.81505799750659
20.999985170831366,105.81655075702463
21.000240922703117,105.81727680307009
21.000261395746282,105.81715423566423
21.000338913096712,105.81713338390097
21.000506256119365,105.81727785883128
21.00067408500481,105.81728945195667
21.000793221160674,105.81726984206394
21.0008505092672,105.81735745170405
21.00090039248037,105.81745400807986
21.00096949738948,105.81748894203207
21.001015486517925,105.81751379773095
21.001029250665063,105.81756079753856
21.0010451132604,105.81762624054933
21.00107577735337,105.8177014548348
21.00111696879166,105.81777787785579
21.00116526680725,105.81786398069401
21.001218206794512,105.81797021288605
21.00127510482763,105.81808237942393
21.00133672040503,105.81818524949233
21.001406233908796,105.81827852356597
21.001480780739943,105.81836816748299
21.001547358525848,105.81846578171432
21.001600789539452,105.81856773362469
21.001645420075228,105.81865602754799
21.001691169166982,105.81873580987306
21.001749251194774,105.81882454148823
21.00181683473855,105.81891687303028
21.00188753027796,105.81900137900291
21.00196385187947,105.81908022873664
21.002046548851254,105.81915991210786
21.00212688553565,105.81924904135141
21.00219988379337,105.81934967384883
21.002268167557602,105.81945361919068
21.00233169208097,105.81955374427703
21.00238796488475,105.81964488391611
21.002442064346653,105.81972347245373
21.002500630426354,105.81978882064192
21.00255130100361,105.81985215561396
21.00258165099367,105.81992424658687
21.002605141558575,105.81999790624792
21.00263305946241,105.8200688767582
21.002658958779598,105.82014819515341
21.002677491727372,105.8202399109857
21.002688402723887,105.82033555238637
21.00269679449513,105.8204264139214
21.002710218946806,105.8205054472074
21.002717260778667,105.82057575113484
21.002701949073096,105.82064379328686
21.002682540467905,105.82070323730171
21.002676638475766,105.82074575588896
21.00266032858636,105.82077127635003
21.002621658321665,105.82079230643815
21.002589859804573,105.82084264231351
21.002574061577405,105.82092804396143
21.00255301491175,105.82101690829325
21.002533983901944,105.82110742496518
21.002544070049513,105.82122017802962
21.002565702190466,105.82134100843804
21.002565432983804,105.8214425565873
21.00254814922411,105.82152348035403
21.002528477880162,105.82159380560053
21.00251349848912,105.82167276667703
21.002504655345422,105.82176609295286
21.002495714680514,105.82185154239532
21.00248592596116,105.82192262187337
21.0024815921758,105.82199417864656
21.002482782941165,105.82206771577523
21.00248467795143,105.82213491505206
21.002483495642103,105.82219696134493
21.00247904440294,105.82225923184862
21.002485199313007,105.82232501252768
21.002495777382293,105.82239244134925
21.00243831176528,105.82244715917595
21.002306856867804,105.82248357036566
21.002226209378847,105.8225144970007
21.00222824060431,105.82254255623661
21.002232754819826,105.82255823179118
21.002207703652818,105.82256523872455
21.002160986583085,105.822574856154
21.002117306348648,105.82258322038967
21.002100411210293,105.82258340431916
21.002100325910433,105.82258388288685
21.0021016454227,105.82259227060516
21.002098008282033,105.8226035689429
21.002088543760948,105.82261302657851
21.002078670648892,105.82261967797444
21.0020698920659,105.8226282669888
21.00205884211738,105.82264727199353
21.00203818146015,105.82266546283131
21.002000089550634,105.8226616095982
21.001949428001673,105.82263287835306
21.001894873366634,105.82258693385718
21.00184010421757,105.8225431592037
21.001785971976737,105.82251447657822
21.001729651261417,105.82249215685299
21.001673504904012,105.82247260664433
21.001627792397077,105.82246388292133
21.00159303526339,105.82246554212713
21.001560242183835,105.82246862774495
21.001522341558342,105.82246737786228
21.001475970845114,105.82245937897366
21.001431740682065,105.82244967003592
21.00140092735534,105.82244248187301
21.00137899026102,105.82242955788729
21.00136024905601,105.8224089731762
21.00134403516458,105.82239819257008
21.001326819049233,105.82240721511408
21.001301063518966,105.82243253728072
21.001272612413608,105.82247088518136
21.001257069539317,105.8225189318988
21.001250697270226,105.8225631871082
21.00124167567167,105.82258847551375
21.00123284623656,105.8226007124257
21.00123037886713,105.82261023721797
21.00123507021283,105.82261862477507
21.0012446255601,105.82262697450197
21.00125258883585,105.82263892356592
21.001245595713378,105.82265710457065
21.001205580760114,105.82268222390915
21.001167146223587,105.82271030221764
21.00119601464296,105.82273407052463
21.001262599074288,105.82274931280858
21.00130012013634,105.82275400724119
21.001298232751953,105.82274912970925
21.001269973632006,105.82273866780237
21.001245486173023,105.82273271732964
21.00123816863541,105.82273402622802
21.00122577407928,105.82273024879416
21.00120519417482,105.82271981538867
21.001198030534855,105.82271471222109
21.00120047487759,105.82271621121751
21.00119265509602,105.82271767241993
21.001183386603195,105.82271678873144
21.001189307675205,105.82271459036077
21.001201348012586,105.8227176906085
21.001205594751475,105.82272840805943
21.00119505609101,105.82273330601544
21.00118611186318,105.82273052071935
21.001228188145422,105.82274058680933
21.0012593456224,105.8227448866121
21.001116633956002,105.82268665358093
21.000906092751713,105.82258449069401
21.000874831060628,105.82250064604955
21.000949397930842,105.82243402098058
21.000967441510614,105.82237544275466
21.00096983586405,105.82239550089736
21.001017867072722,105.82252556434764
21.00109258317702,105.82264898069558
21.001161649470813,105.8226951347211
21.001192550532977,105.82269989437731
21.00118702914601,105.82269797217116
21.00117807996515,105.82271118695776
21.00116908385785,105.82273131223312
21.001148439773893,105.82273619615547
21.00113323520963,105.82273328969133
21.00114128397143,105.8227382734585
21.00115034459268,105.82275368556991
21.001132998261742,105.82276526494218
21.00107238894543,105.82272860458076
21.000990746606483,105.8226543025091
21.000960787827196,105.82263339444647
21.00098897442599,105.82267186842469
21.001020760241683,105.8226981652407
21.001033253722348,105.82270023897712
21.001026216740303,105.8226993802756
21.001016506353523,105.82270004173309
21.00102123556139,105.82270056231854
21.001037528530777,105.82269960608652
21.00105727506797,105.82269832685148
21.001070675580262,105.82270280135933
21.001078227553382,105.82271287486776
21.0010933732189,105.82271958310773
21.001113005568687,105.82271837852662
21.001122111319997,105.82270968217254
21.001131541867256,105.82270050345024
21.0011590363552,105.82269886838921
21.00118449145916,105.82269997860843
21.00119048907123,105.82269863120894
21.001207269262558,105.82270163401263
21.001247627135626,105.822711611396
21.001273249279052,105.82271868995213
21.001270537744766,105.82271824087668
21.00126269406722,105.82271409399415
21.001264301550822,105.82271465106818
21.001277273636678,105.82272803759696
21.0012690303437,105.82273395575552
21.00120989926993,105.82271116434958
21.00116540262906,105.82270141351616
21.00118976859046,105.82273771215308
21.001222196024514,105.82277330654757
21.001226777761683,105.82278043304443
21.001247353023302,105.82278987933333
21.00128882427867,105.82281057934294
21.001305508662885,105.82282122317828
21.00128893328187,105.8228181096535
21.001259144152364,105.82281046917714
21.001233852169065,105.82280037796343
21.00122376919656,105.8227884160847
21.001214731320204,105.82278342233911
21.00119540245638,105.82278721754881
21.001179876726365,105.82277728455433
21.00117278682937,105.8227475531076
21.00115691303439,105.82272477466871
21.001127827937804,105.82271778479583
21.001096350881802,105.82271376235667
21.001070282284253,105.82270304949793
21.001057486478043,105.82268333259633
21.001083191669252,105.82268325416696
21.00116024233448,105.82272730907685
21.00122264969475,105.82277167906666
21.00122020851844,105.82277741314456
21.001189125220975,105.82275928562348
21.001167421930397,105.82274501635806
21.00117443424783,105.82276676804373
21.001187637397376,105.82279080632259
21.001153395864094,105.82273098990277
21.001103473111495,105.82262800234514
21.001105241045906,105.8225850277865
21.001116383339838,105.82260087752928
21.001080809973327,105.82263492482132
21.0010466448837,105.8226497282814
21.001054075790456,105.82263072517503
21.001072425013458,105.82261232041029
21.00108096025321,105.82261320095404
21.001086319181404,105.82262112412992
21.00109573863079,105.82263022903926
21.001113818015593,105.82264170788109
21.001131952038904,105.82264974664315
21.001138983966715,105.8226480321744
21.001151324426246,105.82265064598248
21.001182160965627,105.82266951821096
21.001201464677642,105.82268538816227
21.001191878145,105.82268539434216
21.001180106396077,105.82268300662545
21.001173686884307,105.82268394014109
21.001149835699824,105.82268009257281
21.001109971709937,105.82266981884987
21.00107539308135,105.82265775611398
21.00105159423504,105.82265020426073
21.001034457661998,105.82265121249887
21.001014548715826,105.82264929301753
21.000986320429185,105.8226335941725
21.00096126325084,105.82261054605326
21.000944340624734,105.82259000837735
21.00092238958105,105.82258169677907
21.000893562591667,105.82258342550966
21.000870412029627,105.82257914635787
21.000842924433126,105.8225578231889
21.000790458856454,105.82251799456182
21.000750517687923,105.82249926712934
21.000769358248647,105.82254066141984
21.000802327627248,105.82258618636459
21.000803861697815,105.82258241469178
21.000800771185936,105.82256145894695
21.00080569758895,105.82254601217853
21.000785937595555,105.82251717149252
21.000744561732823,105.82247770162087
21.000725945983362,105.82245653543089
21.000731830298154,105.82245131502943
21.000735526489482,105.82244073900857
21.00073336564644,105.82243326211699
21.000731584241898,105.82244283617207
21.000734059760617,105.82244976262668
21.000742365737946,105.82243941546781
21.00075377374937,105.82243338820977
21.000763915119055,105.822443229294
21.000767225072693,105.82245543770152
21.000766165429702,105.82246398059563
21.00077070515903,105.82247251699006
21.000781360388565,105.8224817969683
21.00079249980852,105.82249069184874
21.000800031300166,105.82250006908244
21.000801654753413,105.82251041379124
21.000799477078985,105.8225174886714
21.000797734878567,105.82251830061172
21.0008029984091,105.82251558430377
21.000813713083193,105.82251448227359
21.000816208245645,105.82252187507898
21.000805388240405,105.82253221111623
21.000785776845394,105.82252985785823
21.000768147196965,105.82251817379962
21.000763882698813,105.82250944047323
21.00076678621719,105.82249949188576
21.00076721899746,105.82248479550077
21.0007666813618,105.82248606918483
21.000762313195793,105.82249925447326
21.00073747071938,105.8224574720458
21.000724805686218,105.82241930522
21.000819447886563,105.82260891797934
21.000981532613416,105.82293560473093
21.00106563131366,105.82306097765613
21.001081603359488,105.82300688987011
21.00110975498163,105.82296810737417
21.001133785969287,105.8229670640628
21.001121015210096,105.82297448872504
21.00109402120004,105.82298674440696
21.001074849197543,105.82300438747382
21.00106184855091,105.82302574745931
21.001052652313646,105.82304505679546
21.00104764479412,105.82305247354653
21.001048558520285,105.82305048574189
21.00105707476171,105.82305026691796
21.00106629580302,105.82305022438332
21.001067722911536,105.82304371107263
21.001066772562034,105.82303205072017
21.001068571774233,105.82302031195002
21.00106436122253,105.82301721634488
21.00104751584448,105.8230260530459
21.001020326936032,105.82303886757067
21.000991598635867,105.82304833810069
21.000976029689287,105.82304999179871
21.00097991785442,105.8230492477168
21.000999299740894,105.82305536376951
21.001001072374034,105.82305092049083
21.000963070696244,105.8230282782174
21.000975091713315,105.8230818478617
21.00104474397844,105.82318770722685
21.000870705257633,105.82292295454887
21.00047568364108,105.82228820819392
21.000498995450528,105.82209231284708
21.00097029006132,105.82244503958546
21.00124254200352,105.82266111898382
21.001261082906936,105.8226263410104
21.00135502130105,105.82261304233896
21.00151468083631,105.8226495005304
21.0016152359608,105.82266929963082
21.001675873138925,105.82266468197075
21.0017383217402,105.82265002123783
21.00180598019176,105.82265611458216
21.00187820222632,105.82268743370389
21.001957102402933,105.8227046319624
21.002039972319174,105.8227008724775
21.002119266230174,105.82270427446247
21.002189952947685,105.82272769259195
21.00224790249862,105.82277081328115
21.002283625906976,105.8228173339774
21.00229051232783,105.82285544973232
21.00228105034415,105.8229143405339
21.002265516046993,105.82301254672257
21.00223866993538,105.82312163380556
21.002201147986902,105.82322195685549
21.002164652174514,105.8233161607073
21.002128948901017,105.82340683943886
21.002083834702777,105.82349537076894
21.002038098413326,105.82358766353384
21.00200749652988,105.82369104582662
21.001981971195722,105.82380541252704
21.001947384496837,105.82392588403275
21.001908228988103,105.82404041453155
21.001870959886023,105.82414182213002
21.001837566625987,105.82423649454267
21.00180982453354,105.82432805302192
21.00179008959753,105.82441425003292
21.001782530252648,105.82449544112744
21.001789740030066,105.8245748343557
21.001785785979944,105.82465822050821
21.00175213081845,105.82474796500873
21.0017920808243,105.82482093531524
21.00190902207911,105.82488017229441
21.001661465389052,105.82503858842537
21.000967284066697,105.8253361528679
21.000603144466776,105.82562960662653
21.000786406519936,105.82584390162026
21.000947226603444,105.82601387135244
21.00092632664661,105.8261652863156
21.00090912981987,105.82631070263662
21.000931482396826,105.8264569274165
21.000957389597183,105.82660574798525
21.000986921398724,105.82674757976909
21.00102122455003,105.82687581361932
21.001032258062256,105.8270025222442
21.00101171204022,105.82713237447729
21.00099532454168,105.8272510881842
21.000989439439692,105.82735849058761
21.00096408759525,105.82747164252869
21.00092398395835,105.827591857952
21.000896989457072,105.82770855483874
21.000883676910085,105.82781325853908
21.00087380007247,105.82790088147682
21.000865738265095,105.82797656185635
21.000858267615506,105.82804433498222
21.000844845206675,105.82809774260735
21.000825341162038,105.82813467632202
21.00081130011962,105.82816309055488
21.000803448742076,105.82819001473219
21.00079065261528,105.8282196954313
21.00077068172277,105.82824647585096
21.000746868003652,105.82826034851935
21.000716901653124,105.8282666621932
21.000679229858505,105.82827491223185
21.000645222538495,105.82828499048242
21.000624461510156,105.82829462785547
21.00061399687915,105.82830232570697
21.00060629426976,105.82831032355547
21.00059038978576,105.82832590667441
21.000570642203098,105.82834537192379
21.000564582312535,105.82835571783275
21.00056686147239,105.82836434530897
21.000560777528218,105.8283876459269
21.00054976242262,105.82841735732887
21.000541530698722,105.82844209448825
21.00053053063615,105.82847449463675
21.0005125191038,105.82852597026988
21.000493099564387,105.82859237057404
21.00047519084013,105.82865933407214
21.00045622312034,105.82870254979262
21.000437749059067,105.82872596476042
21.000424880697047,105.82875697397442
21.000417383469866,105.82879569008091
21.000411267401738,105.82882803713511
21.000399033335746,105.82885102561612
21.000374778857708,105.8288710473859
21.000342202328582,105.8289127038054
21.00030593384335,105.82898583590764
21.000268308127097,105.82906218863938
21.00023159361633,105.82913269468052
21.000198385509123,105.82921844147249
21.000171965184844,105.82932203267299
21.000154688559725,105.82943014241191
21.0001356382888,105.82954019096212
21.000101600696606,105.82965529327707
21.00006384163569,105.82977729570257
21.00003537617987,105.82990536462674
21.000009949199963,105.83003169559252
20.999982244066626,105.83015094477713
20.99995593130376,105.83026500031582
20.999937054423924,105.83037451128386
20.99993174871102,105.8304802461782
20.99992288488473,105.83062193522592
20.999884564134124,105.83083761234724
20.999865449617673,105.83090756063805
20.999900602683024,105.8307160375271
20.999787732910463,105.83123623884129
20.99941640093037,105.83300054986876
20.99913593319079,105.83437697153495
20.999133944423036,105.83446892784302
20.999175064491453,105.83432627772918
20.99913888128967,105.83447517703277
20.999080095726523,105.8346498437302
20.999037846131955,105.83476239502765
20.999027324494964,105.834875920856
20.999017445142368,105.83501263991984
20.998972918068564,105.83516957630465
20.998929050198786,105.83532011735483
20.99891806525467,105.83544325746419
20.998914160182217,105.83554918081565
20.99889062969175,105.83564318742619
20.998835699442143,105.835715032927
20.998767667723445,105.83576710277957
20.99872958266941,105.83581506472139
20.998706316387878,105.83586003477743
20.998651071362488,105.83589419583716
20.998566433391275,105.8359167508718
20.998470757667597,105.83593231685212
20.99836353122442,105.83595524554384
20.998244749598882,105.8359924464369
20.998126761922347,105.83602743672706
20.998017160189764,105.83605352075756
20.99791369795336,105.83608336431148
20.997813862527234,105.8361209548339
20.997715481914987,105.83616045648627
20.9976145035774,105.83619577132043
20.997506955932128,105.83622124693066
20.997396371192224,105.83623346466096
20.997287234480314,105.83623333624689
20.997177246151015,105.83623437691118
20.997066258271243,105.83624426795254
20.99696203366795,105.83625172294938
20.996863406529563,105.836251247218
20.99675641602901,105.83624877393602
20.99664554626685,105.8362490346424
20.996549585182056,105.83625465586492
20.99646029700688,105.83626531936815
20.996359669456268,105.83627795955748
20.996260995516145,105.83628319164566
20.996178828028427,105.83627491082896
20.9960959735837,105.83626504594284
20.995997670819442,105.8362637486461
20.99588754824492,105.8362699551346
20.99577639087235,105.83627963816852
20.995679882837447,105.83628726642702
20.99559085436314,105.83629626845487
20.99548670263872,105.83631517861869
20.99537509476554,105.83633262792698
20.995274022159435,105.83633327757353
20.99517345330814,105.83633411036985
20.99506280119601,105.83635173784684
20.994956679753514,105.83637069219573
20.99486493558408,105.83637972378077
20.994779804005137,105.83638661573582
20.99469750202353,105.83639598304329
20.994620937023875,105.83640621010163
20.99454897086019,105.83641513745982
20.99447735414815,105.8364202349821
20.99440365384321,105.83641714831056
20.994325722049723,105.83640238584492
20.99423857473428,105.83638043940911
20.99413976130557,105.83635907584971
20.99403613511172,105.83634862311708
20.993934785104113,105.8363499524781
20.99384020266837,105.83634766025614
20.99375005250132,105.8363455852677
20.99365532250593,105.8363679817635
20.99355334438621,105.83640904280298
20.993446084367495,105.83644390703037
20.99333536213142,105.83646638844981
20.993223779894418,105.83647873946376
20.993117688586814,105.83648369306627
20.993022999023854,105.83648411469815
20.992941884385516,105.8364829944657
20.992870107558275,105.83648890870354
20.992794604627946,105.8365180297282
20.992711499976323,105.83655809459745
20.99262769558698,105.8365714620045
20.99255839368882,105.83656658661904
20.9925196008183,105.83657523993884
20.992499792634685,105.83658326507755
20.992481105661383,105.83656814664113
20.992463859315,105.83654679304948
20.992452476754245,105.83653631117281
20.992450525104477,105.83653206436074
20.992452693772055,105.83653124890407
20.992441477965556,105.8365378837396
20.99241161775311,105.83654802901617
20.992370092651456,105.83655110256778
20.992322963664773,105.836549903197
20.992273555399496,105.83655423302994
20.992213845130085,105.83656744054723
20.99213598766842,105.83659057886575
20.99204743968507,105.8366250838785
20.991956307181887,105.83666996705574
20.991864810147458,105.83671885103273
20.991773662489365,105.83676514996326
20.991682583505305,105.8368030503739
20.991591450067865,105.83682872342024
20.991500321324068,105.83684212299652
20.991409121016623,105.83686302556002
20.99131779142135,105.83691354174914
20.99122679307169,105.83697013344081
20.99113616173335,105.83700402986939
20.991043983944074,105.83701922976961
20.990946159985338,105.83702190758801
20.99083535430899,105.83700975204877
20.990715081449014,105.83698951802326
20.990601730776405,105.83697950139599
20.990493789253513,105.83698202999146
20.99037719667522,105.83698756175248
20.990258000330265,105.83699877322924
20.990148204484143,105.837020115407
20.9900383478473,105.837033600307
20.98991928596237,105.83702548895243
20.989802329278447,105.83701494696207
20.989693637399803,105.83701511121353
20.989583514516248,105.83701729361265
20.989472782181068,105.83701692882323
20.98937505647587,105.83701733834081
20.989286080875658,105.83702829401958
20.98919003115451,105.83706057876435
20.989087402360212,105.83709874838087
20.988985462809904,105.83712139822681
20.988887345290706,105.83713510975775
20.988794568245943,105.83715151843347
20.988707451826386,105.83717449592042
20.988625232429058,105.83720260688024
20.98854557917685,105.83722754035978
20.988463899620818,105.83723680696089
20.988374284225753,105.83721530977473
20.988282507616294,105.83716228946732
20.988201094567025,105.8370870908788
20.988133882105135,105.83700085175415
20.988078670201283,105.836914917131
20.988023883731074,105.83683866198695
20.987960931345466,105.83677486097004
20.987894603796434,105.8367112385598
20.987830214369097,105.83663896699214
20.987770627318707,105.8365583599766
20.98771651616953,105.8364754633661
20.987666806047084,105.836399988101
20.987622713738414,105.83632805534715
20.9875856851646,105.836250766123
20.98754919882499,105.83618214005057
20.98750878614909,105.83613867197909
20.987479390691473,105.83611233699966
20.987469706813545,105.83609295752612
20.987463954051346,105.8360786327036
20.987453989882205,105.83606921255861
20.98744727405208,105.83606532520638
20.98744820262009,105.83606599782443
20.987456641898987,105.83606848211156
20.987465995691075,105.83606740262523
20.987468085665185,105.83605822127993
20.987466669536655,105.8360498061038
20.987467173990783,105.83605028321107
20.98746602265442,105.83604872233529
20.98745863656804,105.83603380408866
20.987442574087602,105.83600227620029
20.98742281736852,105.83596324975736
20.987412108568783,105.83593863258835
20.987394279407518,105.83591290564516
20.987341225801373,105.83585060626963
20.987341993247842,105.83582855757145
20.98746242350975,105.83590598645237
20.987315723096184,105.83573198033692
20.986645892584033,105.83508543633289
20.9860728009645,105.83457412623338
20.98598775756835,105.8345652999797
20.98601534084558,105.83465468657657
20.98594802668544,105.83462262944954
20.985885079726526,105.83457721360422
20.985856047152,105.83455532097983
20.98582516010766,105.83452612020922
20.98578579071551,105.83448588349779
20.985743985012427,105.83444507629162
20.98569373328558,105.83441407064541
20.985630640639272,105.8344001565681
20.98556538890065,105.83440186447893
20.98550299988254,105.83441226759187
20.985434019869462,105.8344179240375
20.98535958980691,105.8344166714037
20.98529316820705,105.83441867072568
20.985230503798295,105.83441851778502
20.985157499032326,105.83440263862937
20.985085283657472,105.83438367197606
20.985029468002807,105.83438010124908
20.984974810940994,105.8343836513295
20.984909110398064,105.83438378913473
20.984850379489234,105.83438348799031
20.984806146616606,105.83439017985276
20.984759456848973,105.83441351106967
20.984712157199308,105.83442643905498
20.984683999586768,105.83437015824148
20.984645562164623,105.83426693276292
20.98454619682888,105.8341882165795
20.984416819026237,105.83416668787397
20.984314182766084,105.83420840997452
20.984261975888423,105.83427885547098
20.98425527877066,105.8343449195168
20.984240604176915,105.83440170627811
20.98419309304135,105.83445462900046
20.984141645361984,105.83451739212482
20.984106475204946,105.83458309111715
20.984093123767803,105.83462659765557
20.984085579817293,105.8346478634015
20.984060896555587,105.83466071078462
20.984032685124706,105.83466675067926
20.984020633466603,105.83466574552227
20.984015466047403,105.83466800210883
20.984006703950904,105.83467831733368
20.983995985553452,105.83468408582361
20.98398645086294,105.83468257366268
20.983981010085476,105.8346873530605
20.98398176220338,105.83469790302856
20.983989499273463,105.83470153757575
20.983999160174,105.83470004039253
20.98401282673638,105.83470125015721
20.98409119186318,105.8346996432838
20.98427239236649,105.8346898292909
20.984450788792994,105.83468258119625
20.984553237431857,105.83468857677768
20.98463397543232,105.83471106064047
20.984726660676035,105.83474089567457
20.984818963621095,105.83475588575979
20.9849094193445,105.83476261280668
20.985006748321698,105.83478741712788
20.98510839330418,105.83481538891903
20.98520784838295,105.83481892257446
20.985309333881073,105.83481721687735
20.985414155247717,105.83483675036389
20.98550422021617,105.8348801909412
20.985569499336812,105.83493752811336
20.98562193288076,105.83498414840047
20.9856677452817,105.83501781220176
20.98570423029303,105.83506321965248
20.985740192422583,105.83512071989313
20.985791944924678,105.83517387363183
20.985862546511953,105.83522992943234
20.985948435982728,105.83530179750866
20.98604528668278,105.83537470559219
20.98615469415148,105.83543274234265
20.986295126441412,105.83547961392624
20.98645779787805,105.83552372932915
20.98658299612711,105.83557525920865
20.986650660753337,105.83563154655121
20.98668973179736,105.83567677983538
20.98672513418861,105.83571055499232
20.986772727903308,105.83574191509686
20.98681601913271,105.83576631664047
20.986832330995334,105.83577713182879
20.986833267898092,105.83578482795943
20.986833609745233,105.83579648150211
20.986832725886615,105.83579883398572
20.986831600941663,105.83578826811257
20.986837325153164,105.83578126115475
20.986847644036846,105.83578255992862
20.98685131920012,105.83578371361465
20.986849990649333,105.83578328227969
20.986853311509133,105.83578557236108
20.986866854312463,105.83580019083895
20.9868921901183,105.83583381917548
20.98692194500202,105.83587348737159
20.986949607094115,105.83590899736849
20.986975877573105,105.83594794699552
20.987002839512275,105.83599396538591
20.98703272545213,105.83604116217245
20.987060472271743,105.83608648088695
20.98707554488169,105.83613052440413
20.987082303476758,105.83617669058305
20.98709173219005,105.83622721496835
20.98710019423963,105.83626781235496
20.987101474013752,105.83628697635216
20.987099680092616,105.83630497604553
20.987099317951888,105.83633438508754
20.98710084142121,105.8363560019802
20.987108554745692,105.83636351089473
20.98713171474239,105.83637336323419
20.98716098938565,105.83639306362522
20.987172998558314,105.83642137254265
20.987167712727643,105.83646160181911
20.987157412914478,105.83651832411928
20.9871496770581,105.83658835768007
20.987151700162233,105.83666727988377
20.98717476563297,105.83675522614841
20.987225520640894,105.83684830293981
20.987299468153005,105.83693297772972
20.987383702325367,105.83700496409703
20.98745754104389,105.8370731046448
20.98751873783027,105.83714674854546
20.98757948138896,105.83723219264871
20.987644948722245,105.83731186651764
20.987715987971313,105.83736376933201
20.987790704743546,105.83740424801617
20.987865509492103,105.83745142015984
20.98793428002568,105.83749304642686
20.987991363759328,105.83752619975772
20.988032971166735,105.83757475607729
20.98805945924605,105.8376414032402
20.98807619448668,105.8377016639416
20.98809440283769,105.83774354343711
20.988125457677107,105.83776821588104
20.988149633375837,105.83779807900055
20.988145882300007,105.83785632207267
20.988153554413504,105.83792506007107
20.988197317688392,105.83797885536323
20.988215012816372,105.8380038656907
20.988176589538618,105.83800247811482
20.988130555663005,105.8380007217081
20.988104753664366,105.83801099400236
20.988096291981154,105.83802844007937
20.988098903233723,105.83804696024158
20.988104413455215,105.8380621013273
20.988100191434913,105.83808290988004
20.98807931479475,105.83811860591999
20.988066533489853,105.83815497423608
20.988077163272543,105.8381771326749
20.98808236384516,105.83818397125059
20.988064448676457,105.83818234358414
20.988034010584492,105.83818750429822
20.988005893610467,105.83819829480117
20.987995151449088,105.83819789681196
20.987999000835295,105.83818562738465
20.988005531639914,105.83817160421309
20.988016970610957,105.83816675433211
20.988039648675805,105.8381792467131
20.988074012061876,105.8382057750351
20.98811824361592,105.83823654145621
20.98816832623267,105.83825336789917
20.98820924324931,105.83825200654526
20.98821292214917,105.83824857581496
20.98819847125944,105.83823067758354
20.98822290560314,105.83816511508482
20.98827690101498,105.83808950698393
20.988318970005718,105.83806529984543
20.988351575862325,105.83804816509755
20.988391231017953,105.83798470443192
20.98844730681254,105.83792365818596
20.98852025864514,105.8379038455728
20.988595201629632,105.83789606908718
20.9886669490809,105.83787103229412
20.98874520742078,105.83781262376895
20.988828464537384,105.83773540347222
20.98890587166024,105.83767567006402
20.988976726974983,105.83763650432465
20.98904644791686,105.83760312550349
20.989123006751164,105.8375631437063
20.989211773132844,105.83751336101037
20.989307228171,105.837477042227
20.98940598854014,105.83747230210822
20.98951279250431,105.83749685269439
20.989623765770936,105.83754357943825
20.989724154151958,105.83760142952244
20.989812893189338,105.83764547818268
20.98990120973864,105.83764444444918
20.990008514508055,105.83760348742456
20.990147441288727,105.83754378431797
20.990278700169007,105.83747588507612
20.990370825704233,105.83740834510256
20.99046083493636,105.83735334178002
20.990571819709388,105.83731602973
20.990680176700216,105.837287811996
20.990778617815916,105.83726091280946
20.99088290395848,105.83723089759707
20.990993916716462,105.83720393347829
20.99110253111267,105.837191131239
20.991212702015723,105.8371836833971
20.991331040518798,105.83716768538419
20.991448932541484,105.83714728193856
20.991558785715434,105.83712883466237
20.991666979552786,105.83711122076983
20.991777013863274,105.83709299758586
20.99188385820129,105.83707396834154
20.99198379779542,105.8370471105422
20.992075937088703,105.83699993321186
20.992166610786796,105.83694256767895
20.992264918633065,105.83689753179382
20.992366218431005,105.83686682493554
20.99246409413607,105.83684499307878
20.992568412926808,105.83683171275254
20.992677556525937,105.83682422000578
20.99275224907308,105.83681066311232
20.99278478941015,105.83678394551524
20.99282282092004,105.83674667070932
20.992880882870555,105.83670919870109
20.992938315037563,105.83668736572506
20.99299195005097,105.83668291838107
20.99305002628746,105.83668898330697
20.99311859994767,105.83670031345635
20.99319954600337,105.8367118612991
20.993282632406054,105.83671681885424
20.993362550714068,105.83671019107636
20.99345118423427,105.83669201973302
20.993552298144962,105.83666455054751
20.99365520048177,105.83663327637314
20.99375496950699,105.83662497747883
20.993853171477095,105.83667711320999
20.993954429958773,105.83674522420424
20.994063078022545,105.836755211333
20.99417260332943,105.83673218361663
20.994275165381413,105.83672108350142
20.994371416976875,105.83671478866904
20.99446326151471,105.83670430378339
20.99455157751825,105.83669933036789
20.994641494648935,105.83670076019315
20.994743128349533,105.83669579957393
20.99485448965915,105.83668531964118
20.99496452157113,105.83668103499289
20.99507369765061,105.83668303486357
20.995186041393097,105.83668529579607
20.995291703114848,105.8366827834115
20.99538320712517,105.83667366660352
20.995474336176464,105.83666498484929
20.995574504308607,105.83666338869341
20.995677060086354,105.83667125536402
20.995777320076353,105.83668196953869
20.995875435314538,105.83667994227781
20.995975953038943,105.83666865030332
20.996084854790155,105.8366645108326
20.99619414171174,105.83666659160019
20.99629143896146,105.83666713419578
20.996375870216067,105.83666669537351
20.996450449735246,105.83666702048906
20.996519509456288,105.83666623471446
20.996584537541395,105.8366651316567
20.996641631994237,105.83667004546567
20.996686909775306,105.83668013450207
20.99671798221379,105.83668632418339
20.996743967478587,105.83668459330869
20.996779131579068,105.8366756986051
20.99681587444781,105.83666684048092
20.996839961911235,105.8366653417694
20.996850898382537,105.83666681238728
20.99685226530044,105.83666654669186
20.99684858868642,105.83666721486341
20.99684679388734,105.83666833804034
20.996856937310753,105.83666280294014
20.996876910360427,105.83665250450457
20.996892599093176,105.8366482883665
20.996899537226636,105.8366497622483
20.996900322185308,105.8366500462017
20.99690000435674,105.8366500044587
20.996904654107823,105.83665165208934
20.996920577907048,105.83664883560746
20.996948359586806,105.83663885112597
20.996974900793308,105.83663193841218
20.99699299869754,105.83663246985179
20.99700736321416,105.83663348205413
20.99702549201251,105.83663310406041
20.997055556604316,105.83663453892058
20.997094492981606,105.83663398679124
20.99713324191968,105.83662549216731
20.997167780976053,105.83661652216401
20.997196763412646,105.83661557915494
20.997221563069882,105.83661664628804
20.997246634078802,105.83661551833728
20.99728165516122,105.83661903569006
20.99732812392165,105.83662882628035
20.997375677046232,105.83663773970672
20.997420736569723,105.83664648344161
20.99746717091712,105.83666215833061
20.99752567919952,105.83668140491393
20.997605570845,105.83669364825323
20.997688116659983,105.83668140093607
20.997754114842184,105.83663676623203
20.997814665010566,105.83659117870594
20.99787918062584,105.83656456749077
20.997941303392615,105.83653755517093
20.99800338678482,105.83650020593991
20.99807997269115,105.83646051874614
20.998164083001235,105.83642462628684
20.998233788755286,105.83639540435883
20.998295011901334,105.83636886354286
20.99836454161514,105.83633983369573
20.998440511540803,105.83631478451282
20.998515596715595,105.83629799439015
20.998583863452573,105.83627612781744
20.998640717503704,105.83624594423696
20.99868381630153,105.83622863374893
20.998718733333668,105.83623046171809
20.99875857906194,105.83623833564104
20.998794946839453,105.83625850540659
20.99880652732342,105.83630902838671
20.998800382730792,105.83637982982654
20.998792963843837,105.8364518089346
20.99878134440515,105.83652633581917
20.99876218470138,105.83660763034473
20.998746422541515,105.83669149056436
20.99873832140026,105.83677967299907
20.998726784930394,105.83688597368162
20.998707732811138,105.83700709804918
20.998685717239102,105.83712152943318
20.998656991049213,105.83722915272149
20.998614189069716,105.8373405642666
20.99856744491811,105.83743210905233
20.99852978121866,105.83748290318596
20.998494156276788,105.83754692754218
20.99845525179694,105.83765972772417
20.998425308640694,105.83776095450784
20.99840189850555,105.83784631619196
20.998356663592435,105.83801827882574
20.99829776955155,105.83825272563735
20.998267672969344,105.83840365219856
20.998253904846557,105.83849767677748
20.998215938716207,105.83864921643249
20.998166137272783,105.83880140385048
20.998131688517102,105.8388645481923
20.99811468855345,105.8388884798577
20.99810734627707,105.83892620351052
20.998093137490418,105.83895994686992
20.998065295736918,105.83897757653108
20.998033095444402,105.83898989080659
20.998005932363924,105.8390083719405
20.997991028096237,105.83904161559529
20.99798416425177,105.83907923942104
20.997975964458774,105.83910330589244
20.997966301490916,105.83911723802578
20.997957402216446,105.83913189310957
20.997947764376516,105.8391565508406
20.997937543667316,105.83919334695874
20.99793210046696,105.83922996535877
20.997932583982404,105.83925767288689
20.99793374499507,105.83927564034204
20.99793348629134,105.83929310268843
20.997932844432942,105.83932501215709
20.99793316129433,105.83936334343807
20.997934867234115,105.83939194183692
20.997932881897796,105.83941896549432
20.99792375044601,105.83945495248537
20.99791517919768,105.83949177534433
20.997913892693827,105.83952602114354
20.99792015120362,105.83957061550677
20.99793005233751,105.83962693047535
20.997935774004375,105.83968012965254
20.997934500860072,105.83972398885311
20.997927679788546,105.83976056977082
20.997917466016805,105.83979722232054
20.997906639343192,105.8398413326922
20.997899590456917,105.83988795740419
20.997898887789837,105.83993227912877
20.997900293851767,105.83998090606246
20.99790039685445,105.84003073895127
20.997899583342047,105.84005809061485
20.997899399164854,105.84006374404835
20.997902394346255,105.84007698850816
20.997912971389038,105.8400971189877
20.99793428567096,105.8401034618818
20.99794986096783,105.840100109839
20.997942561786868,105.84009958419995
20.997933005361517,105.8400998698739
20.997940677692245,105.84009840845701
20.997953442099114,105.84010215153693
20.997962186340143,105.84011236617565
20.997971502280343,105.8401184561529
20.997981112465997,105.84011751395691
20.997984760902998,105.84011576322582
20.997983550308042,105.84011630478598
20.997983005841817,105.84011888477316
20.99798330003528,105.84011676706088
20.997982996280566,105.8401054138751
20.99798353051469,105.84010048064572
20.997984806506075,105.84011095580345
20.997981186750668,105.84011668158892
20.99797153869722,105.84010708650811
20.997962655066853,105.84009315467861
20.99795406091984,105.84008417558904
20.99793843221987,105.84008550434882
20.997919246973915,105.84009745432141
20.99790577392048,105.84011644186295
20.99789994895938,105.84013357074095
20.997899813639307,105.84013941511147
20.99789968095547,105.84013027751594
20.997897855069148,105.84011016545021
20.997903462908642,105.84009729264825
20.99791480215459,105.84009829096243
20.997913656491725,105.84010088014564
20.997902176796824,105.84010029223325
20.997899706651246,105.84009968457164
20.997900629975014,105.84009993956255
20.997888068891868,105.84010038544302
20.997865463305303,105.84009993573623
20.99784345051023,105.84009867179721
20.997832210107582,105.84010114767447
20.99783332385996,105.84010988911227
20.9978309112526,105.84012117149322
20.99782044364812,105.84013071127403
20.997814624471737,105.84013476995727
20.997816008038274,105.84013385810489
20.99781796701139,105.84013199976624
20.9978169907034,105.84013295372004
20.997811296057243,105.84013958020225
20.997798654147548,105.8401510691599
20.997779564548715,105.8401633264527
20.99776350523039,105.84016579419674
20.997754888657617,105.84015576817364
20.997745272217895,105.84014783145442
20.99773488843069,105.84014852424113
20.99773550739808,105.84015270362545
20.997746892056284,105.84016265718904
20.997759340220146,105.84018541098254
20.997766534209482,105.84021497682753
20.997766240268167,105.84024180961387
20.99776724990873,105.84027020597965
20.997776349138114,105.84030554138225
20.997785133222308,105.84034435382806
20.997786233250526,105.84038179033514
20.99777911734158,105.84041350157992
20.99776902462559,105.84044012214207
20.997765944768652,105.8404673787185
20.99776705169703,105.8404948686212
20.997761652863428,105.84051919460579
20.997750369631333,105.84054887858682
20.997738961501966,105.84059298939422
20.997732984506055,105.84063932862242
20.997733761198546,105.84067657495062
20.99773172213734,105.84071100650078
20.997722321647547,105.84074759090346
20.997711955223473,105.84078451547339
20.99770313128145,105.84082084890005
20.997693560478137,105.84085719271299
20.997684522452186,105.84089372147818
20.99767981973501,105.84093027821238
20.9976833,105.8409667
