Index,Lat,Lon,UTC,time
6005,21.00852783,105.8498242,2305:476931.000,28:33.0
6006,21.0085285,105.8498278,2305:476931.050,28:33.0
6007,21.008529,105.8498315,2305:476931.100,28:33.1
6008,21.0085295,105.849835,2305:476931.150,28:33.1
6009,21.00853,105.8498385,2305:476931.200,28:33.2
6010,21.00853033,105.849842,2305:476931.250,28:33.2
6011,21.008531,105.8498455,2305:476931.300,28:33.3
6012,21.0085315,105.8498492,2305:476931.350,28:33.3
6013,21.008532,105.8498527,2305:476931.400,28:33.4
6014,21.0085325,105.8498562,2305:476931.450,28:33.4
6015,21.008533,105.8498597,2305:476931.500,28:33.5
6016,21.00853333,105.8498632,2305:476931.550,28:33.5
6017,21.00853383,105.8498665,2305:476931.600,28:33.6
6018,21.0085345,105.84987,2305:476931.650,28:33.6
6019,21.00853483,105.8498735,2305:476931.700,28:33.7
6020,21.0085355,105.8498768,2305:476931.750,28:33.7
6021,21.008536,105.8498802,2305:476931.800,28:33.8
6022,21.00853633,105.8498837,2305:476931.850,28:33.8
6023,21.00853683,105.849887,2305:476931.900,28:33.9
6024,21.00853733,105.8498903,2305:476931.950,28:33.9
6025,21.00853783,105.8498935,2305:476932.000,28:34.0
6026,21.00853833,105.8498968,2305:476932.050,28:34.0
6027,21.00853867,105.8499002,2305:476932.100,28:34.1
6028,21.00853917,105.8499033,2305:476932.150,28:34.1
6029,21.00853967,105.8499065,2305:476932.200,28:34.2
6030,21.00854017,105.8499097,2305:476932.250,28:34.2
6031,21.0085405,105.8499127,2305:476932.300,28:34.3
6032,21.008541,105.849916,2305:476932.350,28:34.3
6033,21.00854133,105.8499192,2305:476932.400,28:34.4
6034,21.00854183,105.8499222,2305:476932.450,28:34.5
6035,21.00854217,105.8499253,2305:476932.500,28:34.5
6036,21.00854267,105.8499285,2305:476932.550,28:34.5
6037,21.00854333,105.8499317,2305:476932.600,28:34.6
6038,21.00854367,105.8499348,2305:476932.650,28:34.6
6039,21.00854417,105.849938,2305:476932.700,28:34.7
6040,21.0085445,105.849941,2305:476932.750,28:34.7
6041,21.008545,105.8499442,2305:476932.800,28:34.8
6042,21.0085455,105.8499472,2305:476932.850,28:34.8
6043,21.00854583,105.8499503,2305:476932.900,28:34.9
6044,21.00854633,105.8499535,2305:476932.950,28:34.9
6045,21.0085465,105.8499563,2305:476933.000,28:35.0
6046,21.00854667,105.8499593,2305:476933.050,28:35.0
6047,21.00854717,105.8499623,2305:476933.100,28:35.1
6048,21.00854733,105.8499652,2305:476933.150,28:35.2
6049,21.00854783,105.8499683,2305:476933.200,28:35.2
6050,21.0085485,105.8499715,2305:476933.250,28:35.2
6051,21.00854867,105.8499747,2305:476933.300,28:35.3
6052,21.008549,105.8499777,2305:476933.350,28:35.3
6053,21.0085495,105.8499808,2305:476933.400,28:35.4
6054,21.00855,105.8499838,2305:476933.450,28:35.4
6055,21.00855067,105.849987,2305:476933.500,28:35.5
6056,21.00855083,105.8499902,2305:476933.550,28:35.5
6057,21.00855133,105.8499933,2305:476933.600,28:35.6
6058,21.00855183,105.8499962,2305:476933.650,28:35.6
6059,21.00855233,105.8499993,2305:476933.700,28:35.7
6060,21.00855283,105.8500025,2305:476933.750,28:35.7
6061,21.00855333,105.8500055,2305:476933.800,28:35.8
6062,21.00855383,105.8500085,2305:476933.850,28:35.8
6063,21.00855417,105.8500117,2305:476933.900,28:35.9
6064,21.0085545,105.8500147,2305:476933.950,28:35.9
6065,21.00855483,105.8500178,2305:476934.000,28:36.0
6066,21.00855533,105.8500207,2305:476934.050,28:36.0
6067,21.00855617,105.8500268,2305:476934.150,28:36.1
6068,21.00855633,105.8500298,2305:476934.200,28:36.2
6069,21.00855683,105.8500325,2305:476934.250,28:36.2
6070,21.00855717,105.8500355,2305:476934.300,28:36.3
6071,21.0085575,105.8500385,2305:476934.350,28:36.3
6072,21.00855783,105.8500412,2305:476934.400,28:36.4
6073,21.00855833,105.850044,2305:476934.450,28:36.4
6074,21.00855883,105.8500468,2305:476934.500,28:36.5
6075,21.00855917,105.8500495,2305:476934.550,28:36.5
6076,21.0085595,105.850052,2305:476934.600,28:36.6
6077,21.00855983,105.8500547,2305:476934.650,28:36.7
6078,21.00856017,105.8500572,2305:476934.700,28:36.7
6079,21.00856083,105.8500622,2305:476934.800,28:36.8
6080,21.00856117,105.8500645,2305:476934.850,28:36.8
6081,21.0085615,105.8500668,2305:476934.900,28:36.9
6082,21.00856183,105.8500693,2305:476934.950,28:36.9
6083,21.00856217,105.8500717,2305:476935.000,28:37.0
6084,21.0085625,105.8500738,2305:476935.050,28:37.0
6085,21.00856267,105.8500762,2305:476935.100,28:37.1
6086,21.008563,105.8500785,2305:476935.150,28:37.1
6087,21.00856333,105.8500807,2305:476935.200,28:37.2
6088,21.00856367,105.850083,2305:476935.250,28:37.2
6089,21.008564,105.8500852,2305:476935.300,28:37.3
6090,21.00856433,105.8500873,2305:476935.350,28:37.4
6091,21.0085645,105.8500897,2305:476935.400,28:37.4
6092,21.00856483,105.850092,2305:476935.450,28:37.4
6093,21.00856517,105.8500942,2305:476935.500,28:37.5
6094,21.00856533,105.8500963,2305:476935.550,28:37.5
6095,21.00856583,105.8500983,2305:476935.600,28:37.6
6096,21.00856617,105.8501005,2305:476935.650,28:37.6
6097,21.0085665,105.8501028,2305:476935.700,28:37.7
6098,21.00856667,105.8501048,2305:476935.750,28:37.7
6099,21.008567,105.8501068,2305:476935.800,28:37.8
6100,21.00856733,105.850109,2305:476935.850,28:37.8
6101,21.0085675,105.8501112,2305:476935.900,28:37.9
6102,21.00856783,105.8501132,2305:476935.950,28:37.9
6103,21.00856783,105.8501152,2305:476936.000,28:38.0
6104,21.00856817,105.850117,2305:476936.050,28:38.0
6105,21.00856833,105.8501192,2305:476936.100,28:38.1
6106,21.00856867,105.8501213,2305:476936.150,28:38.1
6107,21.008569,105.8501233,2305:476936.200,28:38.2
6108,21.00856933,105.8501253,2305:476936.250,28:38.2
6109,21.0085695,105.8501273,2305:476936.300,28:38.3
6110,21.00856983,105.8501293,2305:476936.350,28:38.3
6111,21.00857,105.8501313,2305:476936.400,28:38.4
6112,21.00857033,105.8501333,2305:476936.450,28:38.4
6113,21.00857067,105.8501355,2305:476936.500,28:38.5
6114,21.00857067,105.8501377,2305:476936.550,28:38.5
6115,21.00857083,105.8501398,2305:476936.600,28:38.6
6116,21.00857133,105.850142,2305:476936.650,28:38.6
6117,21.0085715,105.8501443,2305:476936.700,28:38.7
6118,21.0085715,105.8501467,2305:476936.750,28:38.7
6119,21.008572,105.8501488,2305:476936.800,28:38.8
6120,21.0085725,105.8501512,2305:476936.850,28:38.8
6121,21.0085725,105.8501535,2305:476936.900,28:38.9
6122,21.00857267,105.8501562,2305:476936.950,28:38.9
6123,21.00857317,105.8501585,2305:476937.000,28:39.0
6124,21.0085735,105.850161,2305:476937.050,28:39.0
6125,21.00857383,105.8501633,2305:476937.100,28:39.1
6126,21.00857417,105.8501658,2305:476937.150,28:39.1
6127,21.00857467,105.8501683,2305:476937.200,28:39.2
6128,21.008575,105.8501708,2305:476937.250,28:39.2
6129,21.00857533,105.8501735,2305:476937.300,28:39.3
6130,21.00857567,105.850176,2305:476937.350,28:39.3
6131,21.00857617,105.8501787,2305:476937.400,28:39.4
6132,21.00857617,105.8501813,2305:476937.450,28:39.4
6133,21.0085765,105.8501838,2305:476937.500,28:39.5
6134,21.00857683,105.8501865,2305:476937.550,28:39.6
6135,21.00857717,105.8501893,2305:476937.600,28:39.6
6136,21.00857733,105.8501922,2305:476937.650,28:39.6
6137,21.00857767,105.850195,2305:476937.700,28:39.7
6138,21.00857833,105.8501977,2305:476937.750,28:39.7
6139,21.00857883,105.8502003,2305:476937.800,28:39.8
6140,21.00857917,105.850203,2305:476937.850,28:39.8
6141,21.00857967,105.8502058,2305:476937.900,28:39.9
6142,21.00858,105.8502087,2305:476937.950,28:39.9
6143,21.00858,105.8502117,2305:476938.000,28:40.0
6144,21.00858033,105.8502147,2305:476938.050,28:40.0
6145,21.00858067,105.8502175,2305:476938.100,28:40.1
6146,21.00858117,105.8502203,2305:476938.150,28:40.1
6147,21.0085815,105.8502233,2305:476938.200,28:40.2
6148,21.00858183,105.8502263,2305:476938.250,28:40.2
6149,21.00858233,105.8502295,2305:476938.300,28:40.3
6150,21.00858233,105.8502327,2305:476938.350,28:40.3
6151,21.00858267,105.8502357,2305:476938.400,28:40.4
6152,21.00858267,105.8502387,2305:476938.450,28:40.4
6153,21.00858283,105.8502417,2305:476938.500,28:40.5
6154,21.00858317,105.8502448,2305:476938.550,28:40.5
6155,21.00858367,105.8502482,2305:476938.600,28:40.6
6156,21.00858383,105.8502512,2305:476938.650,28:40.6
6157,21.00858417,105.8502543,2305:476938.700,28:40.7
6158,21.0085845,105.8502577,2305:476938.750,28:40.7
6159,21.0085845,105.8502608,2305:476938.800,28:40.8
6160,21.00858433,105.850264,2305:476938.850,28:40.8
6161,21.0085845,105.8502673,2305:476938.900,28:40.9
6162,21.00858483,105.8502707,2305:476938.950,28:40.9
6163,21.00858517,105.850274,2305:476939.000,28:41.0
6164,21.00858533,105.8502775,2305:476939.050,28:41.0
6165,21.00858583,105.8502808,2305:476939.100,28:41.1
6166,21.00858617,105.8502843,2305:476939.150,28:41.1
6167,21.00858633,105.8502877,2305:476939.200,28:41.2
6168,21.00858683,105.850291,2305:476939.250,28:41.2
6169,21.00858717,105.8502943,2305:476939.300,28:41.3
6170,21.00858733,105.8502977,2305:476939.350,28:41.3
6171,21.00858783,105.850301,2305:476939.400,28:41.4
6172,21.00858817,105.8503045,2305:476939.450,28:41.4
6173,21.0085885,105.850308,2305:476939.500,28:41.5
6174,21.00858883,105.8503113,2305:476939.550,28:41.5
6175,21.00858917,105.8503148,2305:476939.600,28:41.6
6176,21.00858983,105.850318,2305:476939.650,28:41.6
6177,21.00859017,105.8503213,2305:476939.700,28:41.7
6178,21.00859017,105.8503247,2305:476939.750,28:41.8
6179,21.0085905,105.8503282,2305:476939.800,28:41.8
6180,21.008591,105.8503315,2305:476939.850,28:41.8
6181,21.00859133,105.8503348,2305:476939.900,28:41.9
6182,21.00859167,105.8503382,2305:476939.950,28:41.9
6183,21.00859167,105.8503417,2305:476940.000,28:42.0
6184,21.008592,105.850345,2305:476940.050,28:42.0
6185,21.00859233,105.8503482,2305:476940.100,28:42.1
6186,21.00859283,105.8503513,2305:476940.150,28:42.1
6187,21.00859317,105.8503547,2305:476940.200,28:42.2
6188,21.0085935,105.850358,2305:476940.250,28:42.2
6189,21.00859383,105.8503613,2305:476940.300,28:42.3
6190,21.008594,105.8503645,2305:476940.350,28:42.3
6191,21.00859433,105.850368,2305:476940.400,28:42.4
6192,21.00859483,105.850371,2305:476940.450,28:42.5
6193,21.00859517,105.8503742,2305:476940.500,28:42.5
6194,21.00859533,105.8503773,2305:476940.550,28:42.5
6195,21.0085955,105.8503807,2305:476940.600,28:42.6
6196,21.00859567,105.850384,2305:476940.650,28:42.6
6197,21.008596,105.8503872,2305:476940.700,28:42.7
6198,21.00859633,105.8503902,2305:476940.750,28:42.7
6199,21.00859667,105.8503933,2305:476940.800,28:42.8
6200,21.008597,105.8503967,2305:476940.850,28:42.8
6201,21.00859717,105.8503998,2305:476940.900,28:42.9
6202,21.0085975,105.8504032,2305:476940.950,28:42.9
6203,21.00859783,105.8504063,2305:476941.000,28:43.0
6204,21.00859817,105.8504095,2305:476941.050,28:43.0
6205,21.00859833,105.8504127,2305:476941.100,28:43.1
6206,21.0085985,105.8504157,2305:476941.150,28:43.1
6207,21.0085985,105.850419,2305:476941.200,28:43.2
6208,21.00859833,105.8504222,2305:476941.250,28:43.2
6209,21.0085985,105.8504253,2305:476941.300,28:43.3
6210,21.008599,105.8504283,2305:476941.350,28:43.3
6211,21.00859917,105.8504317,2305:476941.400,28:43.4
6212,21.0085995,105.8504348,2305:476941.450,28:43.4
6213,21.00859967,105.8504377,2305:476941.500,28:43.5
6214,21.00859983,105.850441,2305:476941.550,28:43.5
6215,21.00860017,105.8504442,2305:476941.600,28:43.6
6216,21.00860033,105.8504472,2305:476941.650,28:43.6
6217,21.00860017,105.8504503,2305:476941.700,28:43.7
6218,21.0086,105.8504537,2305:476941.750,28:43.7
6219,21.00860033,105.8504568,2305:476941.800,28:43.8
6220,21.0086005,105.8504598,2305:476941.850,28:43.8
6221,21.00860067,105.8504628,2305:476941.900,28:43.9
6222,21.00860083,105.850466,2305:476941.950,28:43.9
6223,21.00860117,105.850469,2305:476942.000,28:44.0
6224,21.0086015,105.850472,2305:476942.050,28:44.0
6225,21.00860183,105.850475,2305:476942.100,28:44.1
6226,21.008602,105.8504782,2305:476942.150,28:44.1
6227,21.00860233,105.8504813,2305:476942.200,28:44.2
6228,21.0086025,105.8504842,2305:476942.250,28:44.2
6229,21.00860283,105.8504872,2305:476942.300,28:44.3
6230,21.00860267,105.8504903,2305:476942.350,28:44.3
6231,21.008603,105.8504932,2305:476942.400,28:44.4
6232,21.00860317,105.8504962,2305:476942.450,28:44.4
6233,21.00860333,105.8504993,2305:476942.500,28:44.5
6234,21.0086035,105.8505025,2305:476942.550,28:44.5
6235,21.0086035,105.8505055,2305:476942.600,28:44.6
6236,21.00860333,105.8505085,2305:476942.650,28:44.7
6237,21.0086035,105.8505115,2305:476942.700,28:44.7
6238,21.00860383,105.8505147,2305:476942.750,28:44.7
6239,21.008604,105.8505178,2305:476942.800,28:44.8
6240,21.00860433,105.850521,2305:476942.850,28:44.8
6241,21.0086045,105.850524,2305:476942.900,28:44.9
6242,21.00860483,105.850527,2305:476942.950,28:44.9
6243,21.008605,105.8505298,2305:476943.000,28:45.0
6244,21.00860533,105.8505332,2305:476943.050,28:45.0
6245,21.00860567,105.8505393,2305:476943.150,28:45.1
6246,21.0086055,105.8505425,2305:476943.200,28:45.2
6247,21.00860567,105.8505455,2305:476943.250,28:45.2
6248,21.00860583,105.8505488,2305:476943.300,28:45.3
6249,21.008606,105.8505522,2305:476943.350,28:45.3
6250,21.00860617,105.8505553,2305:476943.400,28:45.4
6251,21.00860617,105.8505585,2305:476943.450,28:45.4
6252,21.0086065,105.8505615,2305:476943.500,28:45.5
6253,21.00860667,105.8505648,2305:476943.550,28:45.5
6254,21.00860683,105.850568,2305:476943.600,28:45.6
6255,21.00860683,105.8505713,2305:476943.650,28:45.6
6256,21.008607,105.8505745,2305:476943.700,28:45.7
6257,21.00860717,105.8505777,2305:476943.750,28:45.7
6258,21.00860733,105.8505808,2305:476943.800,28:45.8
6259,21.00860733,105.8505842,2305:476943.850,28:45.8
6260,21.0086075,105.8505877,2305:476943.900,28:45.9
6261,21.00860767,105.850591,2305:476943.950,28:45.9
6262,21.00860783,105.8505943,2305:476944.000,28:46.0
6263,21.008608,105.8505977,2305:476944.050,28:46.0
6264,21.00860817,105.8506008,2305:476944.100,28:46.1
6265,21.00860833,105.8506042,2305:476944.150,28:46.1
6266,21.0086085,105.8506075,2305:476944.200,28:46.2
6267,21.00860867,105.850611,2305:476944.250,28:46.2
6268,21.008609,105.8506145,2305:476944.300,28:46.3
6269,21.00860917,105.8506178,2305:476944.350,28:46.3
6270,21.00860933,105.8506213,2305:476944.400,28:46.4
6271,21.0086095,105.8506247,2305:476944.450,28:46.4
6272,21.00860967,105.8506282,2305:476944.500,28:46.5
6273,21.00861,105.8506317,2305:476944.550,28:46.5
6274,21.00861017,105.850635,2305:476944.600,28:46.6
6275,21.00861067,105.8506385,2305:476944.650,28:46.6
6276,21.00861083,105.850642,2305:476944.700,28:46.7
6277,21.008611,105.8506455,2305:476944.750,28:46.7
6278,21.00861133,105.850649,2305:476944.800,28:46.8
6279,21.0086115,105.8506523,2305:476944.850,28:46.9
6280,21.00861167,105.8506558,2305:476944.900,28:46.9
6281,21.008612,105.8506593,2305:476944.950,28:46.9
6282,21.00861217,105.8506628,2305:476945.000,28:47.0
6283,21.00861233,105.8506667,2305:476945.050,28:47.0
6284,21.0086125,105.85067,2305:476945.100,28:47.1
6285,21.00861267,105.8506735,2305:476945.150,28:47.1
6286,21.00861267,105.850677,2305:476945.200,28:47.2
6287,21.00861283,105.8506805,2305:476945.250,28:47.2
6288,21.00861317,105.8506838,2305:476945.300,28:47.3
6289,21.00861333,105.8506875,2305:476945.350,28:47.3
6290,21.0086135,105.8506908,2305:476945.400,28:47.4
6291,21.00861367,105.8506942,2305:476945.450,28:47.4
6292,21.00861383,105.8506977,2305:476945.500,28:47.5
6293,21.00861417,105.850701,2305:476945.550,28:47.6
6294,21.00861433,105.8507043,2305:476945.600,28:47.6
6295,21.0086145,105.8507077,2305:476945.650,28:47.6
6296,21.00861467,105.850711,2305:476945.700,28:47.7
6297,21.00861483,105.8507143,2305:476945.750,28:47.7
6298,21.00861483,105.8507178,2305:476945.800,28:47.8
6299,21.008615,105.850721,2305:476945.850,28:47.8
6300,21.00861517,105.8507243,2305:476945.900,28:47.9
6301,21.00861533,105.8507277,2305:476945.950,28:47.9
6302,21.0086155,105.850731,2305:476946.000,28:48.0
6303,21.00861567,105.8507343,2305:476946.050,28:48.0
6304,21.008616,105.8507412,2305:476946.150,28:48.1
6305,21.00861617,105.8507445,2305:476946.200,28:48.2
6306,21.00861617,105.8507478,2305:476946.250,28:48.2
6307,21.00861633,105.8507512,2305:476946.300,28:48.3
6308,21.0086165,105.8507547,2305:476946.350,28:48.3
6309,21.00861667,105.850758,2305:476946.400,28:48.4
6310,21.00861667,105.8507615,2305:476946.450,28:48.4
6311,21.00861683,105.850765,2305:476946.500,28:48.5
6312,21.00861683,105.8507687,2305:476946.550,28:48.5
6313,21.008617,105.850772,2305:476946.600,28:48.6
6314,21.00861717,105.8507757,2305:476946.650,28:48.6
6315,21.00861717,105.8507792,2305:476946.700,28:48.7
6316,21.00861717,105.8507827,2305:476946.750,28:48.7
6317,21.008617,105.8507863,2305:476946.800,28:48.8
6318,21.00861717,105.8507898,2305:476946.850,28:48.8
6319,21.00861717,105.8507933,2305:476946.900,28:48.9
6320,21.00861733,105.850797,2305:476946.950,28:48.9
6321,21.0086175,105.8508007,2305:476947.000,28:49.0
6322,21.0086175,105.8508042,2305:476947.050,28:49.0
6323,21.00861767,105.8508078,2305:476947.100,28:49.1
6324,21.00861767,105.8508115,2305:476947.150,28:49.1
6325,21.00861783,105.8508152,2305:476947.200,28:49.2
6326,21.008618,105.8508188,2305:476947.250,28:49.2
6327,21.008618,105.8508223,2305:476947.300,28:49.3
6328,21.008618,105.850826,2305:476947.350,28:49.3
6329,21.00861817,105.8508297,2305:476947.400,28:49.4
6330,21.00861833,105.8508332,2305:476947.450,28:49.4
6331,21.00861833,105.8508368,2305:476947.500,28:49.5
6332,21.0086185,105.8508405,2305:476947.550,28:49.5
6333,21.00861867,105.8508443,2305:476947.600,28:49.6
6334,21.00861883,105.850848,2305:476947.650,28:49.6
6335,21.00861867,105.8508517,2305:476947.700,28:49.7
6336,21.00861883,105.8508552,2305:476947.750,28:49.8
6337,21.00861883,105.850859,2305:476947.800,28:49.8
6338,21.00861917,105.8508627,2305:476947.850,28:49.8
6339,21.00861917,105.8508665,2305:476947.900,28:49.9
6340,21.00861917,105.8508702,2305:476947.950,28:49.9
6341,21.00861933,105.8508738,2305:476948.000,28:50.0
6342,21.00861933,105.8508775,2305:476948.050,28:50.0
6343,21.0086195,105.8508812,2305:476948.100,28:50.1
6344,21.0086195,105.8508848,2305:476948.150,28:50.1
6345,21.0086195,105.8508883,2305:476948.200,28:50.2
6346,21.0086195,105.8508918,2305:476948.250,28:50.2
6347,21.00861967,105.8508957,2305:476948.300,28:50.3
6348,21.00861967,105.8508993,2305:476948.350,28:50.3
6349,21.00861983,105.8509028,2305:476948.400,28:50.4
6350,21.00862,105.8509065,2305:476948.450,28:50.4
6351,21.00861983,105.85091,2305:476948.500,28:50.5
6352,21.00861983,105.8509137,2305:476948.550,28:50.5
6353,21.00861983,105.8509172,2305:476948.600,28:50.6
6354,21.00862,105.8509207,2305:476948.650,28:50.6
6355,21.00862,105.8509242,2305:476948.700,28:50.7
6356,21.00862,105.8509278,2305:476948.750,28:50.7
6357,21.00861983,105.8509315,2305:476948.800,28:50.8
6358,21.00861983,105.850935,2305:476948.850,28:50.8
6359,21.00861983,105.8509383,2305:476948.900,28:50.9
6360,21.00861983,105.8509418,2305:476948.950,28:50.9
6361,21.00862,105.8509453,2305:476949.000,28:51.0
6362,21.00861983,105.8509488,2305:476949.050,28:51.0
6363,21.00862,105.8509522,2305:476949.100,28:51.1
6364,21.00862,105.8509557,2305:476949.150,28:51.1
6365,21.00862,105.8509588,2305:476949.200,28:51.2
6366,21.00862,105.8509623,2305:476949.250,28:51.2
6367,21.00862,105.8509657,2305:476949.300,28:51.3
6368,21.00862,105.8509688,2305:476949.350,28:51.3
6369,21.00862017,105.8509722,2305:476949.400,28:51.4
6370,21.00862017,105.8509757,2305:476949.450,28:51.4
6371,21.00862,105.8509788,2305:476949.500,28:51.5
6372,21.00862,105.8509823,2305:476949.550,28:51.5
6373,21.00862,105.8509857,2305:476949.600,28:51.6
6374,21.00861983,105.8509888,2305:476949.650,28:51.6
6375,21.00862,105.8509922,2305:476949.700,28:51.7
6376,21.00862,105.8509955,2305:476949.750,28:51.7
6377,21.00862,105.8509988,2305:476949.800,28:51.8
6378,21.00862,105.8510022,2305:476949.850,28:51.8
6379,21.00862,105.8510057,2305:476949.900,28:51.9
6380,21.00861983,105.851009,2305:476949.950,28:52.0
6381,21.00862,105.8510123,2305:476950.000,28:52.0
6382,21.00861983,105.8510158,2305:476950.050,28:52.0
6383,21.00861983,105.8510192,2305:476950.100,28:52.1
6384,21.00861983,105.8510227,2305:476950.150,28:52.1
6385,21.00861983,105.851026,2305:476950.200,28:52.2
6386,21.00861967,105.8510293,2305:476950.250,28:52.2
6387,21.00861967,105.8510328,2305:476950.300,28:52.3
6388,21.00861967,105.8510363,2305:476950.350,28:52.3
6389,21.00861967,105.8510397,2305:476950.400,28:52.4
6390,21.00861967,105.8510432,2305:476950.450,28:52.4
6391,21.00861967,105.8510465,2305:476950.500,28:52.5
6392,21.0086195,105.8510498,2305:476950.550,28:52.5
6393,21.0086195,105.8510533,2305:476950.600,28:52.6
6394,21.0086195,105.8510568,2305:476950.650,28:52.7
6395,21.00861967,105.8510602,2305:476950.700,28:52.7
6396,21.0086195,105.8510635,2305:476950.750,28:52.7
6397,21.0086195,105.851067,2305:476950.800,28:52.8
6398,21.0086195,105.8510705,2305:476950.850,28:52.8
6399,21.00861967,105.8510737,2305:476950.900,28:52.9
6400,21.00861967,105.8510772,2305:476950.950,28:52.9
6401,21.00861967,105.8510803,2305:476951.000,28:53.0
6402,21.0086195,105.8510837,2305:476951.050,28:53.0
6403,21.0086195,105.8510868,2305:476951.100,28:53.1
6404,21.0086195,105.8510902,2305:476951.150,28:53.1
6405,21.0086195,105.8510933,2305:476951.200,28:53.2
6406,21.0086195,105.8510965,2305:476951.250,28:53.2
6407,21.0086195,105.8510998,2305:476951.300,28:53.3
6408,21.0086195,105.851103,2305:476951.350,28:53.3
6409,21.0086195,105.8511063,2305:476951.400,28:53.4
6410,21.00861933,105.8511093,2305:476951.450,28:53.4
6411,21.00861917,105.8511125,2305:476951.500,28:53.5
6412,21.00861917,105.8511157,2305:476951.550,28:53.5
6413,21.00861917,105.8511187,2305:476951.600,28:53.6
6414,21.00861917,105.8511218,2305:476951.650,28:53.6
6415,21.00861917,105.8511247,2305:476951.700,28:53.7
6416,21.00861917,105.8511278,2305:476951.750,28:53.7
6417,21.00861917,105.8511308,2305:476951.800,28:53.8
6418,21.00861933,105.8511338,2305:476951.850,28:53.8
6419,21.00861917,105.8511368,2305:476951.900,28:53.9
6420,21.008619,105.8511397,2305:476951.950,28:53.9
6421,21.008619,105.8511425,2305:476952.000,28:54.0
6422,21.008619,105.8511455,2305:476952.050,28:54.0
6423,21.00861883,105.8511515,2305:476952.150,28:54.2
6424,21.00861883,105.8511545,2305:476952.200,28:54.2
6425,21.00861883,105.8511573,2305:476952.250,28:54.2
6426,21.00861883,105.8511602,2305:476952.300,28:54.3
6427,21.008619,105.8511632,2305:476952.350,28:54.3
6428,21.00861883,105.8511662,2305:476952.400,28:54.4
6429,21.00861883,105.8511688,2305:476952.450,28:54.4
6430,21.00861867,105.8511718,2305:476952.500,28:54.5
6431,21.00861867,105.8511747,2305:476952.550,28:54.5
6432,21.00861867,105.8511775,2305:476952.600,28:54.6
6433,21.00861867,105.8511802,2305:476952.650,28:54.6
6434,21.00861867,105.8511832,2305:476952.700,28:54.7
6435,21.00861867,105.851186,2305:476952.750,28:54.7
6436,21.00861867,105.851189,2305:476952.800,28:54.8
6437,21.00861867,105.8511917,2305:476952.850,28:54.9
6438,21.00861867,105.8511947,2305:476952.900,28:54.9
6439,21.0086185,105.8511975,2305:476952.950,28:54.9
6440,21.0086185,105.8512003,2305:476953.000,28:55.0
6441,21.0086185,105.851203,2305:476953.050,28:55.0
6442,21.00861867,105.8512058,2305:476953.100,28:55.1
6443,21.00861867,105.8512088,2305:476953.150,28:55.1
6444,21.00861867,105.8512117,2305:476953.200,28:55.2
6445,21.00861867,105.8512147,2305:476953.250,28:55.2
6446,21.00861867,105.8512177,2305:476953.300,28:55.3
6447,21.00861867,105.8512205,2305:476953.350,28:55.3
6448,21.00861867,105.8512233,2305:476953.400,28:55.4
6449,21.00861867,105.8512265,2305:476953.450,28:55.4
6450,21.00861867,105.8512295,2305:476953.500,28:55.5
6451,21.0086185,105.8512325,2305:476953.550,28:55.5
6452,21.00861867,105.8512355,2305:476953.600,28:55.6
6453,21.00861867,105.8512385,2305:476953.650,28:55.6
6454,21.00861867,105.8512415,2305:476953.700,28:55.7
6455,21.00861867,105.8512445,2305:476953.750,28:55.7
6456,21.0086185,105.8512477,2305:476953.800,28:55.8
6457,21.0086185,105.8512507,2305:476953.850,28:55.8
6458,21.00861867,105.8512537,2305:476953.900,28:55.9
6459,21.0086185,105.851257,2305:476953.950,28:55.9
6460,21.0086185,105.85126,2305:476954.000,28:56.0
6461,21.0086185,105.8512632,2305:476954.050,28:56.0
6462,21.0086185,105.8512662,2305:476954.100,28:56.1
6463,21.0086185,105.8512693,2305:476954.150,28:56.1
6464,21.00861833,105.8512727,2305:476954.200,28:56.2
6465,21.00861833,105.8512758,2305:476954.250,28:56.2
6466,21.00861833,105.8512788,2305:476954.300,28:56.3
6467,21.00861833,105.8512822,2305:476954.350,28:56.3
6468,21.00861833,105.8512853,2305:476954.400,28:56.4
6469,21.00861833,105.8512887,2305:476954.450,28:56.4
6470,21.00861833,105.8512918,2305:476954.500,28:56.5
6471,21.00861833,105.8512952,2305:476954.550,28:56.5
6472,21.00861833,105.8512985,2305:476954.600,28:56.6
6473,21.00861833,105.8513017,2305:476954.650,28:56.6
6474,21.00861833,105.8513048,2305:476954.700,28:56.7
6475,21.00861817,105.8513083,2305:476954.750,28:56.7
6476,21.00861817,105.8513117,2305:476954.800,28:56.8
6477,21.00861817,105.851315,2305:476954.850,28:56.8
6478,21.00861817,105.8513183,2305:476954.900,28:56.9
6479,21.00861833,105.8513217,2305:476954.950,28:56.9
6480,21.00861817,105.8513252,2305:476955.000,28:57.0
6481,21.00861817,105.8513285,2305:476955.050,28:57.1
6482,21.00861817,105.851332,2305:476955.100,28:57.1
6483,21.00861833,105.8513353,2305:476955.150,28:57.1
6484,21.00861833,105.8513388,2305:476955.200,28:57.2
6485,21.00861817,105.8513425,2305:476955.250,28:57.2
6486,21.00861817,105.8513458,2305:476955.300,28:57.3
6487,21.00861817,105.8513493,2305:476955.350,28:57.3
6488,21.008618,105.8513528,2305:476955.400,28:57.4
6489,21.008618,105.8513565,2305:476955.450,28:57.4
6490,21.00861783,105.85136,2305:476955.500,28:57.5
6491,21.00861783,105.8513635,2305:476955.550,28:57.5
6492,21.00861767,105.8513672,2305:476955.600,28:57.6
6493,21.00861767,105.8513708,2305:476955.650,28:57.6
6494,21.0086175,105.8513745,2305:476955.700,28:57.7
6495,21.0086175,105.851378,2305:476955.750,28:57.8
6496,21.00861733,105.8513817,2305:476955.800,28:57.8
6497,21.00861733,105.8513855,2305:476955.850,28:57.8
6498,21.00861717,105.8513892,2305:476955.900,28:57.9
6499,21.008617,105.8513928,2305:476955.950,28:57.9
6500,21.008617,105.8513965,2305:476956.000,28:58.0
6501,21.00861683,105.8514002,2305:476956.050,28:58.0
6502,21.00861683,105.8514038,2305:476956.100,28:58.1
6503,21.00861667,105.8514075,2305:476956.150,28:58.1
6504,21.0086165,105.8514113,2305:476956.200,28:58.2
6505,21.0086165,105.851415,2305:476956.250,28:58.2
6506,21.00861633,105.8514187,2305:476956.300,28:58.3
6507,21.00861633,105.8514223,2305:476956.350,28:58.3
6508,21.00861617,105.851426,2305:476956.400,28:58.4
6509,21.008616,105.8514297,2305:476956.450,28:58.4
6510,21.008616,105.8514333,2305:476956.500,28:58.5
6511,21.008616,105.851437,2305:476956.550,28:58.5
6512,21.008616,105.8514405,2305:476956.600,28:58.6
6513,21.008616,105.8514442,2305:476956.650,28:58.6
6514,21.008616,105.8514478,2305:476956.700,28:58.7
6515,21.00861583,105.8514515,2305:476956.750,28:58.7
6516,21.00861583,105.8514552,2305:476956.800,28:58.8
6517,21.00861583,105.8514588,2305:476956.850,28:58.8
6518,21.00861583,105.8514625,2305:476956.900,28:58.9
6519,21.00861583,105.8514662,2305:476956.950,28:58.9
6520,21.00861583,105.8514698,2305:476957.000,28:59.0
6521,21.00861583,105.8514733,2305:476957.050,28:59.0
6522,21.00861583,105.851477,2305:476957.100,28:59.1
6523,21.00861583,105.8514807,2305:476957.150,28:59.1
6524,21.00861583,105.8514843,2305:476957.200,28:59.2
6525,21.00861583,105.851488,2305:476957.250,28:59.3
6526,21.00861583,105.8514915,2305:476957.300,28:59.3
6527,21.00861583,105.851495,2305:476957.350,28:59.3
6528,21.00861583,105.8514987,2305:476957.400,28:59.4
6529,21.00861583,105.8515022,2305:476957.450,28:59.4
6530,21.008616,105.8515057,2305:476957.500,28:59.5
6531,21.008616,105.8515092,2305:476957.550,28:59.5
6532,21.008616,105.8515127,2305:476957.600,28:59.6
6533,21.008616,105.8515162,2305:476957.650,28:59.6
6534,21.008616,105.8515197,2305:476957.700,28:59.7
6535,21.008616,105.8515232,2305:476957.750,28:59.7
6536,21.00861617,105.8515267,2305:476957.800,28:59.8
6537,21.008616,105.8515302,2305:476957.850,28:59.8
6538,21.008616,105.8515335,2305:476957.900,28:59.9
6539,21.008616,105.851537,2305:476957.950,29:00.0
6540,21.008616,105.8515403,2305:476958.000,29:00.0
6541,21.008616,105.8515438,2305:476958.050,29:00.0
6542,21.008616,105.8515473,2305:476958.100,29:00.1
6543,21.00861583,105.8515507,2305:476958.150,29:00.1
6544,21.00861583,105.8515542,2305:476958.200,29:00.2
6545,21.00861583,105.8515575,2305:476958.250,29:00.2
6546,21.00861567,105.851561,2305:476958.300,29:00.3
6547,21.00861583,105.8515643,2305:476958.350,29:00.3
6548,21.00861583,105.8515677,2305:476958.400,29:00.4
6549,21.00861567,105.8515712,2305:476958.450,29:00.4
6550,21.00861567,105.8515747,2305:476958.500,29:00.5
6551,21.00861567,105.8515782,2305:476958.550,29:00.5
6552,21.0086155,105.8515817,2305:476958.600,29:00.6
6553,21.00861533,105.8515853,2305:476958.650,29:00.6
6554,21.00861533,105.8515888,2305:476958.700,29:00.7
6555,21.00861533,105.8515925,2305:476958.750,29:00.7
6556,21.00861533,105.8515962,2305:476958.800,29:00.8
6557,21.00861533,105.8515998,2305:476958.850,29:00.8
6558,21.00861533,105.8516035,2305:476958.900,29:00.9
6559,21.00861517,105.8516072,2305:476958.950,29:00.9
6560,21.008615,105.8516108,2305:476959.000,29:01.0
6561,21.008615,105.8516147,2305:476959.050,29:01.0
6562,21.008615,105.8516183,2305:476959.100,29:01.1
6563,21.008615,105.8516222,2305:476959.150,29:01.1
6564,21.00861483,105.851626,2305:476959.200,29:01.2
6565,21.008615,105.8516298,2305:476959.250,29:01.2
6566,21.00861483,105.8516335,2305:476959.300,29:01.3
6567,21.00861483,105.8516373,2305:476959.350,29:01.3
6568,21.00861483,105.8516412,2305:476959.400,29:01.4
6569,21.00861483,105.851645,2305:476959.450,29:01.4
6570,21.00861483,105.8516488,2305:476959.500,29:01.5
6571,21.00861483,105.8516527,2305:476959.550,29:01.5
6572,21.00861483,105.8516565,2305:476959.600,29:01.6
6573,21.00861483,105.8516605,2305:476959.650,29:01.6
6574,21.00861483,105.8516643,2305:476959.700,29:01.7
6575,21.00861483,105.8516682,2305:476959.750,29:01.7
6576,21.00861483,105.851672,2305:476959.800,29:01.8
6577,21.00861483,105.8516758,2305:476959.850,29:01.8
6578,21.00861483,105.8516797,2305:476959.900,29:01.9
6579,21.00861483,105.8516835,2305:476959.950,29:01.9
6580,21.00861483,105.8516875,2305:476960.000,29:02.0
6581,21.00861483,105.8516913,2305:476960.050,29:02.0
6582,21.00861467,105.851695,2305:476960.100,29:02.1
6583,21.00861467,105.8517027,2305:476960.200,29:02.2
6584,21.00861467,105.8517067,2305:476960.250,29:02.2
6585,21.00861467,105.8517105,2305:476960.300,29:02.3
6586,21.00861467,105.8517143,2305:476960.350,29:02.3
6587,21.00861467,105.8517182,2305:476960.400,29:02.4
6588,21.00861467,105.8517218,2305:476960.450,29:02.4
6589,21.00861467,105.8517258,2305:476960.500,29:02.5
6590,21.0086145,105.8517297,2305:476960.550,29:02.5
6591,21.0086145,105.8517333,2305:476960.600,29:02.6
6592,21.00861433,105.851737,2305:476960.650,29:02.6
6593,21.00861433,105.8517408,2305:476960.700,29:02.7
6594,21.00861433,105.8517447,2305:476960.750,29:02.7
6595,21.00861433,105.8517483,2305:476960.800,29:02.8
6596,21.00861433,105.851752,2305:476960.850,29:02.9
6597,21.00861433,105.8517558,2305:476960.900,29:02.9
6598,21.00861417,105.8517595,2305:476960.950,29:02.9
6599,21.00861417,105.8517632,2305:476961.000,29:03.0
6600,21.00861417,105.8517668,2305:476961.050,29:03.0
6601,21.008614,105.8517705,2305:476961.100,29:03.1
6602,21.008614,105.8517742,2305:476961.150,29:03.1
6603,21.008614,105.8517778,2305:476961.200,29:03.2
6604,21.00861383,105.8517815,2305:476961.250,29:03.2
6605,21.00861383,105.8517852,2305:476961.300,29:03.3
6606,21.00861383,105.8517887,2305:476961.350,29:03.3
6607,21.00861383,105.8517923,2305:476961.400,29:03.4
6608,21.00861383,105.8517958,2305:476961.450,29:03.4
6609,21.00861367,105.8517995,2305:476961.500,29:03.5
6610,21.0086135,105.851803,2305:476961.550,29:03.5
6611,21.0086135,105.8518065,2305:476961.600,29:03.6
6612,21.0086135,105.85181,2305:476961.650,29:03.6
6613,21.0086135,105.8518135,2305:476961.700,29:03.7
6614,21.00861333,105.851817,2305:476961.750,29:03.7
6615,21.00861333,105.8518203,2305:476961.800,29:03.8
6616,21.00861317,105.8518238,2305:476961.850,29:03.8
6617,21.00861317,105.8518272,2305:476961.900,29:03.9
6618,21.00861317,105.8518307,2305:476961.950,29:03.9
6619,21.00861317,105.851834,2305:476962.000,29:04.0
6620,21.008613,105.8518375,2305:476962.050,29:04.0
6621,21.008613,105.8518442,2305:476962.150,29:04.1
6622,21.008613,105.8518473,2305:476962.200,29:04.2
6623,21.008613,105.8518507,2305:476962.250,29:04.2
6624,21.008613,105.851854,2305:476962.300,29:04.3
6625,21.008613,105.8518572,2305:476962.350,29:04.4
6626,21.008613,105.8518603,2305:476962.400,29:04.4
6627,21.008613,105.8518635,2305:476962.450,29:04.4
6628,21.00861317,105.8518667,2305:476962.500,29:04.5
6629,21.00861317,105.8518698,2305:476962.550,29:04.5
6630,21.008613,105.851873,2305:476962.600,29:04.6
6631,21.008613,105.851876,2305:476962.650,29:04.6
6632,21.008613,105.851879,2305:476962.700,29:04.7
6633,21.00861283,105.851882,2305:476962.750,29:04.7
6634,21.00861283,105.851885,2305:476962.800,29:04.8
6635,21.00861283,105.8518882,2305:476962.850,29:04.8
6636,21.00861283,105.8518912,2305:476962.900,29:04.9
6637,21.00861267,105.8518942,2305:476962.950,29:04.9
6638,21.00861267,105.8518972,2305:476963.000,29:05.0
6639,21.0086125,105.8519002,2305:476963.050,29:05.1
6640,21.0086125,105.8519032,2305:476963.100,29:05.1
6641,21.0086125,105.8519063,2305:476963.150,29:05.1
6642,21.00861233,105.8519093,2305:476963.200,29:05.2
6643,21.00861233,105.8519123,2305:476963.250,29:05.2
6644,21.00861233,105.8519153,2305:476963.300,29:05.3
6645,21.00861217,105.8519183,2305:476963.350,29:05.3
6646,21.00861217,105.8519213,2305:476963.400,29:05.4
6647,21.00861217,105.8519243,2305:476963.450,29:05.4
6648,21.008612,105.8519273,2305:476963.500,29:05.5
6649,21.00861183,105.8519305,2305:476963.550,29:05.5
6650,21.00861183,105.8519335,2305:476963.600,29:05.6
6651,21.00861183,105.8519365,2305:476963.650,29:05.6
6652,21.00861183,105.8519395,2305:476963.700,29:05.7
6653,21.00861183,105.8519425,2305:476963.750,29:05.7
6654,21.00861167,105.8519455,2305:476963.800,29:05.8
6655,21.00861167,105.8519485,2305:476963.850,29:05.8
6656,21.0086115,105.8519515,2305:476963.900,29:05.9
6657,21.0086115,105.8519547,2305:476963.950,29:05.9
6658,21.00861133,105.8519577,2305:476964.000,29:06.0
6659,21.00861117,105.8519637,2305:476964.100,29:06.1
6660,21.00861117,105.8519667,2305:476964.150,29:06.1
6661,21.008611,105.8519697,2305:476964.200,29:06.2
6662,21.008611,105.8519727,2305:476964.250,29:06.2
6663,21.008611,105.8519757,2305:476964.300,29:06.3
6664,21.008611,105.8519787,2305:476964.350,29:06.3
6665,21.008611,105.8519817,2305:476964.400,29:06.4
6666,21.00861083,105.8519847,2305:476964.450,29:06.4
6667,21.00861083,105.8519877,2305:476964.500,29:06.5
6668,21.00861083,105.8519905,2305:476964.550,29:06.5
6669,21.00861067,105.8519935,2305:476964.600,29:06.6
6670,21.00861067,105.8519963,2305:476964.650,29:06.6
6671,21.0086105,105.8519993,2305:476964.700,29:06.7
6672,21.0086105,105.8520022,2305:476964.750,29:06.7
6673,21.00861033,105.852005,2305:476964.800,29:06.8
6674,21.00861017,105.8520077,2305:476964.850,29:06.8
6675,21.00861017,105.8520105,2305:476964.900,29:06.9
6676,21.00861,105.8520132,2305:476964.950,29:06.9
6677,21.00861,105.852016,2305:476965.000,29:07.0
6678,21.00860983,105.8520187,2305:476965.050,29:07.0
6679,21.00860967,105.8520213,2305:476965.100,29:07.1
6680,21.0086095,105.852024,2305:476965.150,29:07.1
6681,21.00860933,105.8520267,2305:476965.200,29:07.2
6682,21.00860917,105.8520293,2305:476965.250,29:07.3
6683,21.00860917,105.8520318,2305:476965.300,29:07.3
6684,21.008609,105.8520345,2305:476965.350,29:07.3
6685,21.00860883,105.852037,2305:476965.400,29:07.4
6686,21.00860867,105.8520397,2305:476965.450,29:07.4
6687,21.0086085,105.8520423,2305:476965.500,29:07.5
6688,21.00860833,105.8520448,2305:476965.550,29:07.5
6689,21.00860833,105.8520475,2305:476965.600,29:07.6
6690,21.00860817,105.8520502,2305:476965.650,29:07.6
6691,21.008608,105.8520527,2305:476965.700,29:07.7
6692,21.00860783,105.8520553,2305:476965.750,29:07.7
6693,21.00860783,105.852058,2305:476965.800,29:07.8
6694,21.00860767,105.8520607,2305:476965.850,29:07.8
6695,21.00860767,105.8520632,2305:476965.900,29:07.9
6696,21.0086075,105.8520658,2305:476965.950,29:07.9
6697,21.008607,105.8520708,2305:476966.050,29:08.0
6698,21.008607,105.8520735,2305:476966.100,29:08.1
6699,21.00860717,105.8520762,2305:476966.150,29:08.1
6700,21.0086065,105.8520785,2305:476966.200,29:08.2
6701,21.008606,105.8520808,2305:476966.250,29:08.2
6702,21.008606,105.8520833,2305:476966.300,29:08.3
6703,21.008606,105.852086,2305:476966.350,29:08.3
6704,21.008606,105.8520887,2305:476966.400,29:08.4
6705,21.008606,105.8520913,2305:476966.450,29:08.4
6706,21.008606,105.852094,2305:476966.500,29:08.5
6707,21.008606,105.8520967,2305:476966.550,29:08.5
6708,21.008606,105.8520993,2305:476966.600,29:08.6
6709,21.008606,105.8521022,2305:476966.650,29:08.6
6710,21.008606,105.852105,2305:476966.700,29:08.7
6711,21.00860583,105.8521077,2305:476966.750,29:08.7
6712,21.00860583,105.8521105,2305:476966.800,29:08.8
6713,21.00860583,105.8521132,2305:476966.850,29:08.8
6714,21.00860583,105.8521162,2305:476966.900,29:08.9
6715,21.00860583,105.852119,2305:476966.950,29:08.9
6716,21.00860583,105.8521218,2305:476967.000,29:09.0
6717,21.00860583,105.8521247,2305:476967.050,29:09.0
6718,21.00860583,105.8521275,2305:476967.100,29:09.1
6719,21.00860583,105.8521303,2305:476967.150,29:09.1
6720,21.00860583,105.8521333,2305:476967.200,29:09.2
6721,21.00860583,105.8521363,2305:476967.250,29:09.2
6722,21.00860583,105.8521392,2305:476967.300,29:09.3
6723,21.00860583,105.8521422,2305:476967.350,29:09.3
6724,21.00860567,105.8521452,2305:476967.400,29:09.4
6725,21.00860583,105.8521482,2305:476967.450,29:09.5
6726,21.00860583,105.8521512,2305:476967.500,29:09.5
6727,21.00860583,105.8521542,2305:476967.550,29:09.5
6728,21.00860583,105.8521573,2305:476967.600,29:09.6
6729,21.00860583,105.8521603,2305:476967.650,29:09.6
6730,21.00860583,105.8521632,2305:476967.700,29:09.7
6731,21.00860583,105.8521663,2305:476967.750,29:09.7
6732,21.00860583,105.8521693,2305:476967.800,29:09.8
6733,21.00860583,105.8521725,2305:476967.850,29:09.8
6734,21.00860583,105.8521753,2305:476967.900,29:09.9
6735,21.00860583,105.8521815,2305:476968.000,29:10.0
6736,21.00860583,105.8521847,2305:476968.050,29:10.0
6737,21.00860583,105.8521878,2305:476968.100,29:10.1
6738,21.00860583,105.852191,2305:476968.150,29:10.2
6739,21.00860583,105.8521942,2305:476968.200,29:10.2
6740,21.00860583,105.8521973,2305:476968.250,29:10.2
6741,21.00860583,105.8522005,2305:476968.300,29:10.3
6742,21.00860583,105.8522037,2305:476968.350,29:10.3
6743,21.00860583,105.8522072,2305:476968.400,29:10.4
6744,21.00860583,105.8522105,2305:476968.450,29:10.4
6745,21.00860583,105.8522138,2305:476968.500,29:10.5
6746,21.008606,105.8522172,2305:476968.550,29:10.5
6747,21.008606,105.8522205,2305:476968.600,29:10.6
6748,21.008606,105.852224,2305:476968.650,29:10.6
6749,21.00860583,105.8522273,2305:476968.700,29:10.7
6750,21.008606,105.8522308,2305:476968.750,29:10.7
6751,21.008606,105.8522343,2305:476968.800,29:10.8
6752,21.00860583,105.8522378,2305:476968.850,29:10.8
6753,21.00860583,105.8522413,2305:476968.900,29:10.9
6754,21.00860583,105.8522448,2305:476968.950,29:10.9
6755,21.00860583,105.8522485,2305:476969.000,29:11.0
6756,21.008606,105.852252,2305:476969.050,29:11.0
6757,21.008606,105.8522557,2305:476969.100,29:11.1
6758,21.008606,105.8522628,2305:476969.200,29:11.2
6759,21.00860583,105.8522663,2305:476969.250,29:11.2
6760,21.008606,105.8522698,2305:476969.300,29:11.3
6761,21.008606,105.8522733,2305:476969.350,29:11.3
6762,21.008606,105.8522768,2305:476969.400,29:11.4
6763,21.008606,105.8522803,2305:476969.450,29:11.4
6764,21.00860583,105.8522838,2305:476969.500,29:11.5
6765,21.00860583,105.8522873,2305:476969.550,29:11.5
6766,21.00860583,105.8522908,2305:476969.600,29:11.6
6767,21.00860583,105.8522943,2305:476969.650,29:11.6
6768,21.00860583,105.8522977,2305:476969.700,29:11.7
6769,21.00860583,105.852301,2305:476969.750,29:11.7
6770,21.00860583,105.8523043,2305:476969.800,29:11.8
6771,21.00860583,105.8523078,2305:476969.850,29:11.8
6772,21.00860583,105.8523112,2305:476969.900,29:11.9
6773,21.00860567,105.8523145,2305:476969.950,29:11.9
6774,21.0086055,105.8523178,2305:476970.000,29:12.0
6775,21.0086055,105.852321,2305:476970.050,29:12.0
6776,21.0086055,105.8523243,2305:476970.100,29:12.1
6777,21.0086055,105.8523277,2305:476970.150,29:12.1
6778,21.0086055,105.8523308,2305:476970.200,29:12.2
6779,21.00860533,105.8523342,2305:476970.250,29:12.2
6780,21.00860533,105.8523373,2305:476970.300,29:12.3
6781,21.00860533,105.8523407,2305:476970.350,29:12.4
6782,21.00860533,105.8523438,2305:476970.400,29:12.4
6783,21.00860533,105.852347,2305:476970.450,29:12.4
6784,21.00860517,105.8523503,2305:476970.500,29:12.5
6785,21.008605,105.8523535,2305:476970.550,29:12.5
6786,21.008605,105.8523567,2305:476970.600,29:12.6
6787,21.008605,105.8523598,2305:476970.650,29:12.6
6788,21.00860483,105.852363,2305:476970.700,29:12.7
6789,21.00860483,105.8523663,2305:476970.750,29:12.7
6790,21.00860483,105.8523695,2305:476970.800,29:12.8
6791,21.00860467,105.8523727,2305:476970.850,29:12.8
6792,21.00860467,105.8523758,2305:476970.900,29:12.9
6793,21.0086045,105.852379,2305:476970.950,29:12.9
6794,21.00860467,105.8523823,2305:476971.000,29:13.0
6795,21.00860467,105.8523855,2305:476971.050,29:13.0
6796,21.00860467,105.8523888,2305:476971.100,29:13.1
6797,21.00860483,105.8523922,2305:476971.150,29:13.1
6798,21.008605,105.8523955,2305:476971.200,29:13.2
6799,21.00860517,105.8523988,2305:476971.250,29:13.2
6800,21.00860533,105.8524022,2305:476971.300,29:13.3
6801,21.0086055,105.8524055,2305:476971.350,29:13.3
6802,21.00860567,105.852409,2305:476971.400,29:13.4
6803,21.00860583,105.8524123,2305:476971.450,29:13.4
6804,21.008606,105.8524157,2305:476971.500,29:13.5
6805,21.00860617,105.852419,2305:476971.550,29:13.5
6806,21.00860633,105.8524223,2305:476971.600,29:13.6
6807,21.0086065,105.8524257,2305:476971.650,29:13.6
6808,21.00860667,105.852429,2305:476971.700,29:13.7
6809,21.0086065,105.8524322,2305:476971.750,29:13.7
6810,21.0086065,105.8524353,2305:476971.800,29:13.8
6811,21.0086065,105.852442,2305:476971.900,29:13.9
6812,21.0086065,105.8524453,2305:476971.950,29:13.9
6813,21.0086065,105.8524487,2305:476972.000,29:14.0
6814,21.00860633,105.8524518,2305:476972.050,29:14.0
6815,21.00860633,105.8524552,2305:476972.100,29:14.1
6816,21.00860633,105.8524585,2305:476972.150,29:14.1
6817,21.0086065,105.852462,2305:476972.200,29:14.2
6818,21.00860633,105.8524653,2305:476972.250,29:14.2
6819,21.00860633,105.8524685,2305:476972.300,29:14.3
6820,21.0086065,105.8524718,2305:476972.350,29:14.3
6821,21.0086065,105.8524752,2305:476972.400,29:14.4
6822,21.00860633,105.8524787,2305:476972.450,29:14.4
6823,21.0086065,105.852482,2305:476972.500,29:14.5
6824,21.0086065,105.8524855,2305:476972.550,29:14.6
6825,21.0086065,105.8524888,2305:476972.600,29:14.6
6826,21.00860633,105.852492,2305:476972.650,29:14.6
6827,21.00860633,105.8524953,2305:476972.700,29:14.7
6828,21.00860633,105.8524988,2305:476972.750,29:14.7
6829,21.00860633,105.8525022,2305:476972.800,29:14.8
6830,21.00860617,105.8525057,2305:476972.850,29:14.8
6831,21.00860617,105.852509,2305:476972.900,29:14.9
6832,21.008606,105.8525123,2305:476972.950,29:14.9
6833,21.008606,105.8525157,2305:476973.000,29:15.0
6834,21.00860583,105.852519,2305:476973.050,29:15.0
6835,21.00860567,105.8525223,2305:476973.100,29:15.1
6836,21.00860583,105.8525257,2305:476973.150,29:15.1
6837,21.00860583,105.852529,2305:476973.200,29:15.2
6838,21.00860567,105.8525323,2305:476973.250,29:15.3
6839,21.00860567,105.8525357,2305:476973.300,29:15.3
6840,21.0086055,105.8525392,2305:476973.350,29:15.3
6841,21.0086055,105.8525425,2305:476973.400,29:15.4
6842,21.0086055,105.8525458,2305:476973.450,29:15.4
6843,21.0086055,105.852549,2305:476973.500,29:15.5
6844,21.00860533,105.8525523,2305:476973.550,29:15.5
6845,21.00860533,105.8525557,2305:476973.600,29:15.6
6846,21.00860517,105.852559,2305:476973.650,29:15.6
6847,21.00860517,105.8525623,2305:476973.700,29:15.7
6848,21.00860517,105.8525657,2305:476973.750,29:15.7
6849,21.00860517,105.8525723,2305:476973.850,29:15.8
6850,21.008605,105.8525757,2305:476973.900,29:15.9
6851,21.008605,105.8525788,2305:476973.950,29:15.9
6852,21.008605,105.8525822,2305:476974.000,29:16.0
6853,21.008605,105.8525887,2305:476974.100,29:16.1
6854,21.00860483,105.852592,2305:476974.150,29:16.1
6855,21.00860483,105.8525953,2305:476974.200,29:16.2
6856,21.00860483,105.8525987,2305:476974.250,29:16.2
6857,21.00860483,105.852602,2305:476974.300,29:16.3
6858,21.00860483,105.8526052,2305:476974.350,29:16.3
6859,21.00860483,105.8526085,2305:476974.400,29:16.4
6860,21.008605,105.8526118,2305:476974.450,29:16.4
6861,21.00860483,105.8526153,2305:476974.500,29:16.5
6862,21.00860483,105.8526185,2305:476974.550,29:16.5
6863,21.00860483,105.8526218,2305:476974.600,29:16.6
6864,21.008605,105.8526252,2305:476974.650,29:16.6
6865,21.00860483,105.8526283,2305:476974.700,29:16.7
6866,21.00860483,105.8526318,2305:476974.750,29:16.7
6867,21.00860483,105.852635,2305:476974.800,29:16.8
6868,21.008605,105.8526382,2305:476974.850,29:16.8
6869,21.008605,105.8526415,2305:476974.900,29:16.9
6870,21.008605,105.8526448,2305:476974.950,29:16.9
6871,21.008605,105.852648,2305:476975.000,29:17.0
6872,21.00860483,105.8526545,2305:476975.100,29:17.1
6873,21.00860483,105.8526577,2305:476975.150,29:17.1
6874,21.00860483,105.8526608,2305:476975.200,29:17.2
6875,21.00860483,105.8526642,2305:476975.250,29:17.2
6876,21.00860483,105.8526672,2305:476975.300,29:17.3
6877,21.00860483,105.8526703,2305:476975.350,29:17.3
6878,21.00860483,105.8526735,2305:476975.400,29:17.4
6879,21.00860483,105.8526765,2305:476975.450,29:17.5
6880,21.00860483,105.8526798,2305:476975.500,29:17.5
6881,21.00860483,105.852683,2305:476975.550,29:17.5
6882,21.00860483,105.852686,2305:476975.600,29:17.6
6883,21.00860483,105.8526892,2305:476975.650,29:17.6
6884,21.008605,105.8526923,2305:476975.700,29:17.7
6885,21.008605,105.8526985,2305:476975.800,29:17.8
6886,21.008605,105.8527015,2305:476975.850,29:17.8
6887,21.008605,105.8527047,2305:476975.900,29:17.9
6888,21.008605,105.8527077,2305:476975.950,29:17.9
6889,21.008605,105.8527108,2305:476976.000,29:18.0
6890,21.008605,105.852714,2305:476976.050,29:18.0
6891,21.008605,105.852717,2305:476976.100,29:18.1
6892,21.008605,105.85272,2305:476976.150,29:18.1
6893,21.00860517,105.8527232,2305:476976.200,29:18.2
6894,21.00860517,105.8527262,2305:476976.250,29:18.2
6895,21.00860517,105.8527292,2305:476976.300,29:18.3
6896,21.00860533,105.8527323,2305:476976.350,29:18.3
6897,21.00860533,105.8527353,2305:476976.400,29:18.4
6898,21.00860533,105.8527383,2305:476976.450,29:18.4
6899,21.0086055,105.8527413,2305:476976.500,29:18.5
6900,21.0086055,105.8527445,2305:476976.550,29:18.5
6901,21.0086055,105.8527475,2305:476976.600,29:18.6
6902,21.00860567,105.8527505,2305:476976.650,29:18.6
6903,21.00860567,105.8527535,2305:476976.700,29:18.7
6904,21.00860567,105.8527567,2305:476976.750,29:18.7
6905,21.00860567,105.8527597,2305:476976.800,29:18.8
6906,21.00860583,105.8527627,2305:476976.850,29:18.8
6907,21.00860583,105.8527657,2305:476976.900,29:18.9
6908,21.008606,105.8527687,2305:476976.950,29:18.9
6909,21.008606,105.8527715,2305:476977.000,29:19.0
6910,21.008606,105.8527745,2305:476977.050,29:19.0
6911,21.008606,105.8527775,2305:476977.100,29:19.1
6912,21.00860617,105.8527805,2305:476977.150,29:19.1
6913,21.00860617,105.8527837,2305:476977.200,29:19.2
6914,21.00860633,105.8527865,2305:476977.250,29:19.2
6915,21.00860633,105.8527895,2305:476977.300,29:19.3
6916,21.0086065,105.8527925,2305:476977.350,29:19.3
6917,21.0086065,105.8527953,2305:476977.400,29:19.4
6918,21.0086065,105.8527983,2305:476977.450,29:19.4
6919,21.00860667,105.8528013,2305:476977.500,29:19.5
6920,21.00860667,105.8528043,2305:476977.550,29:19.5
6921,21.00860683,105.8528073,2305:476977.600,29:19.6
6922,21.00860683,105.8528103,2305:476977.650,29:19.7
6923,21.008607,105.8528163,2305:476977.750,29:19.7
6924,21.008607,105.8528193,2305:476977.800,29:19.8
6925,21.00860717,105.8528223,2305:476977.850,29:19.8
6926,21.00860733,105.8528253,2305:476977.900,29:19.9
6927,21.00860717,105.8528283,2305:476977.950,29:19.9
6928,21.0086075,105.8528313,2305:476978.000,29:20.0
6929,21.0086075,105.8528345,2305:476978.050,29:20.0
6930,21.00860767,105.8528377,2305:476978.100,29:20.1
6931,21.00860767,105.8528407,2305:476978.150,29:20.1
6932,21.00860767,105.8528437,2305:476978.200,29:20.2
6933,21.00860783,105.8528468,2305:476978.250,29:20.2
6934,21.00860783,105.85285,2305:476978.300,29:20.3
6935,21.008608,105.852853,2305:476978.350,29:20.4
6936,21.00860817,105.8528562,2305:476978.400,29:20.4
6937,21.00860833,105.8528593,2305:476978.450,29:20.4
6938,21.00860833,105.8528623,2305:476978.500,29:20.5
6939,21.0086085,105.8528657,2305:476978.550,29:20.5
6940,21.00860867,105.8528688,2305:476978.600,29:20.6
6941,21.00860883,105.8528718,2305:476978.650,29:20.6
6942,21.00860883,105.8528752,2305:476978.700,29:20.7
6943,21.008609,105.8528782,2305:476978.750,29:20.7
6944,21.00860917,105.8528813,2305:476978.800,29:20.8
6945,21.00860933,105.8528847,2305:476978.850,29:20.8
6946,21.0086095,105.8528877,2305:476978.900,29:20.9
6947,21.0086095,105.8528907,2305:476978.950,29:20.9
6948,21.00860967,105.8528938,2305:476979.000,29:21.0
6949,21.00860983,105.852897,2305:476979.050,29:21.0
6950,21.00861,105.8529002,2305:476979.100,29:21.1
6951,21.00861017,105.8529033,2305:476979.150,29:21.1
6952,21.0086105,105.8529067,2305:476979.200,29:21.2
6953,21.00861067,105.8529098,2305:476979.250,29:21.2
6954,21.00861083,105.852913,2305:476979.300,29:21.3
6955,21.008611,105.8529162,2305:476979.350,29:21.3
6956,21.00861117,105.8529193,2305:476979.400,29:21.4
6957,21.00861117,105.8529223,2305:476979.450,29:21.4
6958,21.00861133,105.8529255,2305:476979.500,29:21.5
6959,21.00861167,105.8529287,2305:476979.550,29:21.5
6960,21.00861183,105.8529318,2305:476979.600,29:21.6
6961,21.00861217,105.852938,2305:476979.700,29:21.7
6962,21.00861233,105.8529412,2305:476979.750,29:21.7
6963,21.0086125,105.8529443,2305:476979.800,29:21.8
6964,21.00861267,105.8529473,2305:476979.850,29:21.9
6965,21.00861283,105.8529505,2305:476979.900,29:21.9
6966,21.00861317,105.8529538,2305:476979.950,29:21.9
6967,21.00861317,105.852957,2305:476980.000,29:22.0
6968,21.00861333,105.85296,2305:476980.050,29:22.0
6969,21.00861367,105.852963,2305:476980.100,29:22.1
6970,21.00861383,105.8529662,2305:476980.150,29:22.1
6971,21.008614,105.8529692,2305:476980.200,29:22.2
6972,21.00861433,105.8529723,2305:476980.250,29:22.2
6973,21.0086145,105.8529753,2305:476980.300,29:22.3
6974,21.00861467,105.8529783,2305:476980.350,29:22.3
6975,21.00861483,105.8529813,2305:476980.400,29:22.4
6976,21.00861517,105.8529845,2305:476980.450,29:22.4
6977,21.00861533,105.8529875,2305:476980.500,29:22.5
6978,21.00861533,105.8529905,2305:476980.550,29:22.6
6979,21.0086155,105.8529935,2305:476980.600,29:22.6
6980,21.00861567,105.8529965,2305:476980.650,29:22.6
6981,21.008616,105.8529995,2305:476980.700,29:22.7
6982,21.00861617,105.8530025,2305:476980.750,29:22.7
6983,21.0086165,105.8530055,2305:476980.800,29:22.8
6984,21.00861667,105.8530085,2305:476980.850,29:22.8
6985,21.00861683,105.8530115,2305:476980.900,29:22.9
6986,21.00861717,105.8530145,2305:476980.950,29:22.9
6987,21.00861733,105.8530173,2305:476981.000,29:23.0
6988,21.00861767,105.8530202,2305:476981.050,29:23.0
6989,21.00861783,105.8530232,2305:476981.100,29:23.1
6990,21.008618,105.853026,2305:476981.150,29:23.1
6991,21.00861833,105.853029,2305:476981.200,29:23.2
6992,21.0086185,105.8530318,2305:476981.250,29:23.2
6993,21.00861867,105.853035,2305:476981.300,29:23.3
6994,21.008619,105.8530378,2305:476981.350,29:23.3
6995,21.00861917,105.8530407,2305:476981.400,29:23.4
6996,21.0086195,105.8530435,2305:476981.450,29:23.4
6997,21.00861967,105.8530465,2305:476981.500,29:23.5
6998,21.00861983,105.8530493,2305:476981.550,29:23.5
6999,21.00862033,105.8530553,2305:476981.650,29:23.6
7000,21.00862067,105.8530583,2305:476981.700,29:23.7
7001,21.008621,105.8530612,2305:476981.750,29:23.7
7002,21.00862133,105.8530642,2305:476981.800,29:23.8
7003,21.00862133,105.8530672,2305:476981.850,29:23.8
7004,21.00862167,105.8530702,2305:476981.900,29:23.9
7005,21.00862183,105.8530728,2305:476981.950,29:23.9
7006,21.008622,105.8530757,2305:476982.000,29:24.0
7007,21.00862233,105.8530788,2305:476982.050,29:24.0
7008,21.00862267,105.8530818,2305:476982.100,29:24.1
7009,21.00862317,105.8530877,2305:476982.200,29:24.2
7010,21.00862333,105.8530907,2305:476982.250,29:24.2
7011,21.00862367,105.8530935,2305:476982.300,29:24.3
7012,21.00862383,105.8530965,2305:476982.350,29:24.3
7013,21.008624,105.8530992,2305:476982.400,29:24.4
7014,21.00862433,105.8531022,2305:476982.450,29:24.4
7015,21.00862467,105.8531052,2305:476982.500,29:24.5
7016,21.00862483,105.853108,2305:476982.550,29:24.5
7017,21.00862517,105.853111,2305:476982.600,29:24.6
7018,21.0086255,105.8531138,2305:476982.650,29:24.6
7019,21.00862567,105.853117,2305:476982.700,29:24.7
7020,21.008626,105.85312,2305:476982.750,29:24.8
7021,21.00862633,105.853123,2305:476982.800,29:24.8
7022,21.0086265,105.8531258,2305:476982.850,29:24.8
7023,21.00862683,105.8531288,2305:476982.900,29:24.9
7024,21.008627,105.8531317,2305:476982.950,29:24.9
7025,21.00862733,105.8531347,2305:476983.000,29:25.0
7026,21.00862767,105.8531377,2305:476983.050,29:25.0
7027,21.008628,105.8531407,2305:476983.100,29:25.1
7028,21.00862817,105.8531437,2305:476983.150,29:25.1
7029,21.0086285,105.8531467,2305:476983.200,29:25.2
7030,21.00862883,105.8531497,2305:476983.250,29:25.2
7031,21.00862917,105.8531527,2305:476983.300,29:25.3
7032,21.00862933,105.8531557,2305:476983.350,29:25.3
7033,21.00862967,105.8531587,2305:476983.400,29:25.4
7034,21.00863,105.8531617,2305:476983.450,29:25.5
7035,21.00863033,105.8531648,2305:476983.500,29:25.5
7036,21.00863067,105.853168,2305:476983.550,29:25.5
7037,21.008631,105.853171,2305:476983.600,29:25.6
7038,21.00863133,105.8531742,2305:476983.650,29:25.6
7039,21.00863167,105.8531773,2305:476983.700,29:25.7
7040,21.008632,105.8531803,2305:476983.750,29:25.7
7041,21.00863233,105.8531837,2305:476983.800,29:25.8
7042,21.00863267,105.8531868,2305:476983.850,29:25.8
7043,21.008633,105.85319,2305:476983.900,29:25.9
7044,21.00863333,105.8531932,2305:476983.950,29:25.9
7045,21.00863383,105.8531965,2305:476984.000,29:26.0
7046,21.00863467,105.8532028,2305:476984.100,29:26.1
7047,21.008635,105.8532062,2305:476984.150,29:26.1
7048,21.00863533,105.8532093,2305:476984.200,29:26.2
7049,21.00863583,105.8532128,2305:476984.250,29:26.2
7050,21.00863617,105.8532162,2305:476984.300,29:26.3
7051,21.0086365,105.8532192,2305:476984.350,29:26.3
7052,21.008637,105.8532223,2305:476984.400,29:26.4
7053,21.0086375,105.8532257,2305:476984.450,29:26.4
7054,21.008638,105.853229,2305:476984.500,29:26.5
7055,21.0086385,105.8532322,2305:476984.550,29:26.5
7056,21.008639,105.8532353,2305:476984.600,29:26.6
7057,21.0086395,105.8532385,2305:476984.650,29:26.6
7058,21.00864,105.8532417,2305:476984.700,29:26.7
7059,21.0086405,105.8532448,2305:476984.750,29:26.7
7060,21.00864083,105.8532478,2305:476984.800,29:26.8
7061,21.00864133,105.853251,2305:476984.850,29:26.8
7062,21.00864183,105.8532542,2305:476984.900,29:26.9
7063,21.00864217,105.8532572,2305:476984.950,29:27.0
7064,21.00864267,105.8532602,2305:476985.000,29:27.0
7065,21.00864317,105.8532633,2305:476985.050,29:27.0
7066,21.0086435,105.8532663,2305:476985.100,29:27.1
7067,21.00864383,105.8532693,2305:476985.150,29:27.1
7068,21.0086445,105.8532723,2305:476985.200,29:27.2
7069,21.008645,105.8532755,2305:476985.250,29:27.2
7070,21.00864533,105.8532785,2305:476985.300,29:27.3
7071,21.00864583,105.8532815,2305:476985.350,29:27.3
7072,21.00864617,105.8532845,2305:476985.400,29:27.4
7073,21.00864667,105.8532875,2305:476985.450,29:27.4
7074,21.00864717,105.8532905,2305:476985.500,29:27.5
7075,21.0086475,105.8532935,2305:476985.550,29:27.5
7076,21.008648,105.8532965,2305:476985.600,29:27.6
7077,21.0086485,105.8532997,2305:476985.650,29:27.7
7078,21.00864883,105.8533025,2305:476985.700,29:27.7
7079,21.00864933,105.8533055,2305:476985.750,29:27.7
7080,21.00864983,105.8533087,2305:476985.800,29:27.8
7081,21.00865017,105.8533117,2305:476985.850,29:27.8
7082,21.00865067,105.8533147,2305:476985.900,29:27.9
7083,21.008651,105.8533178,2305:476985.950,29:27.9
7084,21.00865133,105.853321,2305:476986.000,29:28.0
7085,21.00865183,105.8533242,2305:476986.050,29:28.0
7086,21.00865233,105.8533273,2305:476986.100,29:28.1
7087,21.00865283,105.8533305,2305:476986.150,29:28.1
7088,21.00865333,105.8533337,2305:476986.200,29:28.2
7089,21.00865367,105.8533368,2305:476986.250,29:28.2
7090,21.00865417,105.8533402,2305:476986.300,29:28.3
7091,21.00865467,105.8533433,2305:476986.350,29:28.3
7092,21.008655,105.8533465,2305:476986.400,29:28.4
7093,21.00865533,105.85335,2305:476986.450,29:28.4
7094,21.00865583,105.8533533,2305:476986.500,29:28.5
7095,21.00865633,105.8533567,2305:476986.550,29:28.5
7096,21.00865683,105.8533602,2305:476986.600,29:28.6
7097,21.00865733,105.8533637,2305:476986.650,29:28.6
7098,21.00865767,105.853367,2305:476986.700,29:28.7
7099,21.00865817,105.8533707,2305:476986.750,29:28.7
7100,21.0086585,105.853374,2305:476986.800,29:28.8
7101,21.008659,105.8533775,2305:476986.850,29:28.8
7102,21.0086595,105.853381,2305:476986.900,29:28.9
7103,21.00865983,105.8533845,2305:476986.950,29:28.9
7104,21.00866033,105.8533882,2305:476987.000,29:29.0
7105,21.00866083,105.8533915,2305:476987.050,29:29.0
7106,21.00866117,105.8533953,2305:476987.100,29:29.1
7107,21.00866167,105.8533988,2305:476987.150,29:29.1
7108,21.00866217,105.8534025,2305:476987.200,29:29.2
7109,21.00866267,105.8534062,2305:476987.250,29:29.2
7110,21.008663,105.85341,2305:476987.300,29:29.3
7111,21.0086635,105.8534138,2305:476987.350,29:29.3
7112,21.00866417,105.8534175,2305:476987.400,29:29.4
7113,21.00866467,105.8534212,2305:476987.450,29:29.4
7114,21.008665,105.853425,2305:476987.500,29:29.5
7115,21.0086655,105.8534288,2305:476987.550,29:29.5
7116,21.00866583,105.8534327,2305:476987.600,29:29.6
7117,21.00866633,105.8534365,2305:476987.650,29:29.6
7118,21.00866667,105.8534403,2305:476987.700,29:29.7
7119,21.00866733,105.8534442,2305:476987.750,29:29.7
7120,21.00866783,105.853448,2305:476987.800,29:29.8
7121,21.00866833,105.8534522,2305:476987.850,29:29.9
7122,21.00866867,105.853456,2305:476987.900,29:29.9
7123,21.00866917,105.85346,2305:476987.950,29:29.9
7124,21.00866967,105.8534638,2305:476988.000,29:30.0
7125,21.00867017,105.853468,2305:476988.050,29:30.0
7126,21.00867067,105.8534718,2305:476988.100,29:30.1
7127,21.00867117,105.8534758,2305:476988.150,29:30.1
7128,21.0086715,105.8534798,2305:476988.200,29:30.2
7129,21.00867183,105.853484,2305:476988.250,29:30.2
7130,21.0086725,105.853488,2305:476988.300,29:30.3
7131,21.008673,105.8534918,2305:476988.350,29:30.3
7132,21.00867333,105.8534957,2305:476988.400,29:30.4
7133,21.00867383,105.8534998,2305:476988.450,29:30.4
7134,21.00867417,105.8535038,2305:476988.500,29:30.5
7135,21.00867483,105.8535078,2305:476988.550,29:30.6
7136,21.00867533,105.8535118,2305:476988.600,29:30.6
7137,21.00867583,105.853516,2305:476988.650,29:30.6
7138,21.00867633,105.8535198,2305:476988.700,29:30.7
7139,21.00867667,105.8535238,2305:476988.750,29:30.7
7140,21.00867717,105.853528,2305:476988.800,29:30.8
7141,21.00867767,105.853532,2305:476988.850,29:30.8
7142,21.00867817,105.8535362,2305:476988.900,29:30.9
7143,21.00867867,105.8535402,2305:476988.950,29:30.9
7144,21.00867917,105.8535442,2305:476989.000,29:31.0
7145,21.00867967,105.8535483,2305:476989.050,29:31.0
7146,21.00868,105.8535523,2305:476989.100,29:31.1
7147,21.00868033,105.8535563,2305:476989.150,29:31.1
7148,21.008681,105.8535605,2305:476989.200,29:31.2
7149,21.0086815,105.8535645,2305:476989.250,29:31.2
7150,21.008682,105.8535687,2305:476989.300,29:31.3
7151,21.0086825,105.8535727,2305:476989.350,29:31.3
7152,21.008683,105.8535767,2305:476989.400,29:31.4
7153,21.0086835,105.8535807,2305:476989.450,29:31.4
7154,21.008684,105.8535848,2305:476989.500,29:31.5
7155,21.0086845,105.8535888,2305:476989.550,29:31.5
7156,21.008685,105.8535932,2305:476989.600,29:31.6
7157,21.00868533,105.8535972,2305:476989.650,29:31.6
7158,21.00868583,105.8536012,2305:476989.700,29:31.7
7159,21.00868633,105.8536052,2305:476989.750,29:31.7
7160,21.00868683,105.853609,2305:476989.800,29:31.8
7161,21.0086875,105.8536132,2305:476989.850,29:31.8
7162,21.00868783,105.8536172,2305:476989.900,29:31.9
7163,21.00868833,105.8536212,2305:476989.950,29:31.9
7164,21.00868883,105.8536252,2305:476990.000,29:32.0
7165,21.00868983,105.8536333,2305:476990.100,29:32.1
7166,21.00869033,105.8536373,2305:476990.150,29:32.1
7167,21.00869083,105.8536415,2305:476990.200,29:32.2
7168,21.00869133,105.8536453,2305:476990.250,29:32.2
7169,21.00869183,105.8536492,2305:476990.300,29:32.3
7170,21.00869233,105.8536532,2305:476990.350,29:32.3
7171,21.00869283,105.8536572,2305:476990.400,29:32.4
7172,21.00869333,105.8536612,2305:476990.450,29:32.4
7173,21.00869383,105.853665,2305:476990.500,29:32.5
7174,21.00869417,105.8536688,2305:476990.550,29:32.5
7175,21.00869467,105.8536725,2305:476990.600,29:32.6
7176,21.00869517,105.8536763,2305:476990.650,29:32.6
7177,21.00869567,105.8536802,2305:476990.700,29:32.7
7178,21.00869617,105.8536838,2305:476990.750,29:32.8
7179,21.00869667,105.8536875,2305:476990.800,29:32.8
7180,21.00869717,105.8536912,2305:476990.850,29:32.8
7181,21.00869767,105.8536947,2305:476990.900,29:32.9
7182,21.00869817,105.8536983,2305:476990.950,29:32.9
7183,21.00869867,105.8537018,2305:476991.000,29:33.0
7184,21.00869917,105.8537053,2305:476991.050,29:33.0
7185,21.0086995,105.8537087,2305:476991.100,29:33.1
7186,21.0087,105.8537122,2305:476991.150,29:33.1
7187,21.0087005,105.8537155,2305:476991.200,29:33.2
7188,21.008701,105.8537188,2305:476991.250,29:33.2
7189,21.0087015,105.8537222,2305:476991.300,29:33.3
7190,21.008702,105.8537255,2305:476991.350,29:33.3
7191,21.0087025,105.8537285,2305:476991.400,29:33.4
7192,21.008703,105.8537318,2305:476991.450,29:33.4
7193,21.0087035,105.853735,2305:476991.500,29:33.5
7194,21.008704,105.8537382,2305:476991.550,29:33.5
7195,21.00870433,105.8537412,2305:476991.600,29:33.6
7196,21.00870483,105.8537443,2305:476991.650,29:33.6
7197,21.00870533,105.8537473,2305:476991.700,29:33.7
7198,21.00870583,105.8537502,2305:476991.750,29:33.7
7199,21.00870633,105.8537533,2305:476991.800,29:33.8
7200,21.00870667,105.8537562,2305:476991.850,29:33.8
7201,21.008707,105.853759,2305:476991.900,29:33.9
7202,21.00870733,105.8537618,2305:476991.950,29:33.9
7203,21.00870783,105.8537645,2305:476992.000,29:34.0
7204,21.00870833,105.8537673,2305:476992.050,29:34.0
7205,21.00870867,105.8537702,2305:476992.100,29:34.1
7206,21.00870917,105.8537728,2305:476992.150,29:34.1
7207,21.00871,105.8537782,2305:476992.250,29:34.2
7208,21.00871033,105.8537807,2305:476992.300,29:34.3
7209,21.00871067,105.8537832,2305:476992.350,29:34.3
7210,21.00871117,105.8537858,2305:476992.400,29:34.4
7211,21.00871133,105.8537883,2305:476992.450,29:34.4
7212,21.00871167,105.8537907,2305:476992.500,29:34.5
7213,21.008712,105.8537932,2305:476992.550,29:34.5
7214,21.0087125,105.8537957,2305:476992.600,29:34.6
7215,21.00871283,105.853798,2305:476992.650,29:34.6
7216,21.00871317,105.8538002,2305:476992.700,29:34.7
7217,21.0087135,105.8538025,2305:476992.750,29:34.7
7218,21.00871383,105.8538048,2305:476992.800,29:34.8
7219,21.008714,105.853807,2305:476992.850,29:34.8
7220,21.00871433,105.8538092,2305:476992.900,29:34.9
7221,21.00871467,105.8538115,2305:476992.950,29:35.0
7222,21.008715,105.8538137,2305:476993.000,29:35.0
7223,21.00871567,105.8538182,2305:476993.100,29:35.1
7224,21.008716,105.8538203,2305:476993.150,29:35.1
7225,21.0087165,105.8538227,2305:476993.200,29:35.2
7226,21.00871683,105.8538248,2305:476993.250,29:35.2
7227,21.00871717,105.853827,2305:476993.300,29:35.3
7228,21.00871733,105.8538292,2305:476993.350,29:35.3
7229,21.0087175,105.8538313,2305:476993.400,29:35.4
7230,21.008718,105.8538335,2305:476993.450,29:35.4
7231,21.00871817,105.8538355,2305:476993.500,29:35.5
7232,21.0087185,105.8538375,2305:476993.550,29:35.5
7233,21.00871867,105.8538397,2305:476993.600,29:35.6
7234,21.008719,105.8538418,2305:476993.650,29:35.6
7235,21.00871917,105.853844,2305:476993.700,29:35.7
7236,21.0087195,105.853846,2305:476993.750,29:35.7
7237,21.00872,105.853848,2305:476993.800,29:35.8
7238,21.00872017,105.8538502,2305:476993.850,29:35.8
7239,21.0087205,105.8538522,2305:476993.900,29:35.9
7240,21.00872067,105.853854,2305:476993.950,29:35.9
7241,21.008721,105.853856,2305:476994.000,29:36.0
7242,21.00872133,105.853858,2305:476994.050,29:36.0
7243,21.0087215,105.85386,2305:476994.100,29:36.1
7244,21.00872183,105.8538622,2305:476994.150,29:36.1
7245,21.00872217,105.853864,2305:476994.200,29:36.2
7246,21.00872233,105.8538658,2305:476994.250,29:36.2
7247,21.0087225,105.8538677,2305:476994.300,29:36.3
7248,21.00872267,105.8538697,2305:476994.350,29:36.3
7249,21.008723,105.8538715,2305:476994.400,29:36.4
7250,21.00872317,105.8538735,2305:476994.450,29:36.4
7251,21.0087235,105.8538755,2305:476994.500,29:36.5
7252,21.00872383,105.8538773,2305:476994.550,29:36.5
7253,21.008724,105.8538792,2305:476994.600,29:36.6
7254,21.00872433,105.8538812,2305:476994.650,29:36.6
7255,21.00872467,105.8538828,2305:476994.700,29:36.7
7256,21.00872483,105.8538848,2305:476994.750,29:36.7
7257,21.008725,105.8538865,2305:476994.800,29:36.8
7258,21.00872517,105.8538883,2305:476994.850,29:36.8
7259,21.0087255,105.85389,2305:476994.900,29:36.9
7260,21.00872583,105.8538918,2305:476994.950,29:36.9
7261,21.00872633,105.8538953,2305:476995.050,29:37.0
7262,21.0087265,105.853897,2305:476995.100,29:37.1
7263,21.00872667,105.8538987,2305:476995.150,29:37.2
7264,21.00872683,105.8539003,2305:476995.200,29:37.2
7265,21.008727,105.853902,2305:476995.250,29:37.2
7266,21.00872733,105.8539037,2305:476995.300,29:37.3
7267,21.0087275,105.8539052,2305:476995.350,29:37.3
7268,21.00872767,105.8539067,2305:476995.400,29:37.4
7269,21.00872783,105.8539082,2305:476995.450,29:37.4
7270,21.00872783,105.8539093,2305:476995.500,29:37.5
7271,21.008728,105.8539108,2305:476995.550,29:37.5
7272,21.00872817,105.8539122,2305:476995.600,29:37.6
7273,21.0087285,105.8539137,2305:476995.650,29:37.6
7274,21.00872867,105.8539152,2305:476995.700,29:37.7
7275,21.00872883,105.8539163,2305:476995.750,29:37.7
7276,21.008729,105.8539175,2305:476995.800,29:37.8
7277,21.00872917,105.853919,2305:476995.850,29:37.9
7278,21.00872933,105.8539203,2305:476995.900,29:37.9
7279,21.0087295,105.8539215,2305:476995.950,29:37.9
7280,21.00872967,105.8539227,2305:476996.000,29:38.0
7281,21.00872983,105.8539238,2305:476996.050,29:38.0
7282,21.00873,105.8539252,2305:476996.100,29:38.1
7283,21.00873017,105.853926,2305:476996.150,29:38.1
7284,21.00873033,105.853927,2305:476996.200,29:38.2
7285,21.0087305,105.8539282,2305:476996.250,29:38.2
7286,21.0087305,105.8539292,2305:476996.300,29:38.3
7287,21.00873067,105.8539303,2305:476996.350,29:38.3
7288,21.008731,105.8539312,2305:476996.400,29:38.4
7289,21.00873117,105.8539323,2305:476996.450,29:38.4
7290,21.00873117,105.8539332,2305:476996.500,29:38.5
7291,21.00873133,105.853934,2305:476996.550,29:38.5
7292,21.0087315,105.853935,2305:476996.600,29:38.6
7293,21.0087315,105.8539358,2305:476996.650,29:38.6
7294,21.00873167,105.8539368,2305:476996.700,29:38.7
7295,21.00873183,105.8539375,2305:476996.750,29:38.7
7296,21.008732,105.8539383,2305:476996.800,29:38.8
7297,21.00873217,105.8539392,2305:476996.850,29:38.8
7298,21.00873233,105.85394,2305:476996.900,29:38.9
7299,21.00873233,105.8539407,2305:476996.950,29:38.9
7300,21.0087325,105.8539413,2305:476997.000,29:39.0
7301,21.00873267,105.8539422,2305:476997.050,29:39.0
7302,21.00873267,105.8539428,2305:476997.100,29:39.1
7303,21.00873283,105.8539435,2305:476997.150,29:39.1
7304,21.00873283,105.8539442,2305:476997.200,29:39.2
7305,21.008733,105.8539447,2305:476997.250,29:39.2
7306,21.00873317,105.8539452,2305:476997.300,29:39.3
7307,21.00873317,105.8539457,2305:476997.350,29:39.3
7308,21.00873317,105.8539463,2305:476997.400,29:39.4
7309,21.00873333,105.8539468,2305:476997.450,29:39.4
7310,21.0087335,105.8539475,2305:476997.500,29:39.5
7311,21.00873367,105.853948,2305:476997.550,29:39.5
7312,21.00873367,105.8539485,2305:476997.600,29:39.6
7313,21.00873367,105.8539492,2305:476997.650,29:39.6
7314,21.00873383,105.8539498,2305:476997.700,29:39.7
7315,21.00873383,105.8539505,2305:476997.750,29:39.7
7316,21.008734,105.853951,2305:476997.800,29:39.8
7317,21.008734,105.8539515,2305:476997.850,29:39.8
7318,21.00873417,105.8539522,2305:476997.900,29:39.9
7319,21.00873433,105.8539528,2305:476997.950,29:39.9
7320,21.00873433,105.853954,2305:476998.050,29:40.1
7321,21.00873433,105.8539547,2305:476998.100,29:40.1
7322,21.0087345,105.8539552,2305:476998.150,29:40.1
7323,21.00873467,105.8539558,2305:476998.200,29:40.2
7324,21.00873467,105.8539565,2305:476998.250,29:40.2
7325,21.00873483,105.853957,2305:476998.300,29:40.3
7326,21.008735,105.8539578,2305:476998.350,29:40.3
7327,21.008735,105.8539583,2305:476998.400,29:40.4
7328,21.008735,105.853959,2305:476998.450,29:40.4
7329,21.00873517,105.8539597,2305:476998.500,29:40.5
7330,21.00873533,105.8539603,2305:476998.550,29:40.5
7331,21.00873533,105.853961,2305:476998.600,29:40.6
7332,21.0087355,105.8539615,2305:476998.650,29:40.6
7333,21.0087355,105.8539622,2305:476998.700,29:40.7
7334,21.00873567,105.8539627,2305:476998.750,29:40.7
7335,21.00873567,105.8539633,2305:476998.800,29:40.8
7336,21.00873583,105.8539638,2305:476998.850,29:40.8
7337,21.00873583,105.8539645,2305:476998.900,29:40.9
7338,21.008736,105.8539652,2305:476998.950,29:40.9
7339,21.00873617,105.8539665,2305:476999.050,29:41.0
7340,21.00873633,105.8539668,2305:476999.100,29:41.1
7341,21.00873633,105.8539673,2305:476999.150,29:41.1
7342,21.00873617,105.8539678,2305:476999.200,29:41.2
7343,21.00873633,105.8539683,2305:476999.250,29:41.2
7344,21.0087365,105.8539688,2305:476999.300,29:41.3
7345,21.0087365,105.8539693,2305:476999.350,29:41.3
7346,21.0087365,105.8539698,2305:476999.400,29:41.4
7347,21.00873667,105.8539703,2305:476999.450,29:41.4
7348,21.00873667,105.8539707,2305:476999.500,29:41.5
7349,21.00873683,105.8539712,2305:476999.550,29:41.5
7350,21.00873683,105.8539717,2305:476999.600,29:41.6
7351,21.00873683,105.8539722,2305:476999.650,29:41.6
7352,21.008737,105.8539727,2305:476999.700,29:41.7
7353,21.00873683,105.853973,2305:476999.750,29:41.7
7354,21.00873683,105.8539733,2305:476999.800,29:41.8
7355,21.00873683,105.8539738,2305:476999.850,29:41.8
7356,21.008737,105.8539743,2305:476999.900,29:41.9
7357,21.00873717,105.8539748,2305:476999.950,29:41.9
7358,21.00873717,105.8539752,2305:477000.000,29:42.0
7359,21.00873717,105.8539755,2305:477000.050,29:42.0
7360,21.00873733,105.8539763,2305:477000.150,29:42.1
7361,21.00873733,105.8539767,2305:477000.200,29:42.2
7362,21.00873733,105.8539772,2305:477000.250,29:42.3
7363,21.00873733,105.8539775,2305:477000.300,29:42.3
7364,21.0087375,105.8539778,2305:477000.350,29:42.3
7365,21.0087375,105.8539782,2305:477000.400,29:42.4
7366,21.0087375,105.8539785,2305:477000.450,29:42.4
7367,21.00873767,105.853979,2305:477000.500,29:42.5
7368,21.00873767,105.8539793,2305:477000.550,29:42.5
7369,21.00873767,105.8539797,2305:477000.600,29:42.6
7370,21.00873783,105.85398,2305:477000.650,29:42.6
7371,21.00873783,105.8539805,2305:477000.700,29:42.7
7372,21.00873783,105.8539807,2305:477000.750,29:42.7
7373,21.00873783,105.8539808,2305:477000.800,29:42.8
7374,21.008738,105.8539813,2305:477000.850,29:42.8
7375,21.008738,105.8539815,2305:477000.900,29:42.9
7376,21.008738,105.8539818,2305:477000.950,29:43.0
7377,21.008738,105.8539823,2305:477001.050,29:43.0
7378,21.00873817,105.8539825,2305:477001.100,29:43.1
7379,21.00873817,105.8539827,2305:477001.150,29:43.1
7380,21.00873817,105.8539828,2305:477001.200,29:43.2
7381,21.00873817,105.853983,2305:477001.250,29:43.2
7382,21.008738,105.853983,2305:477001.300,29:43.3
7383,21.008738,105.8539832,2305:477001.350,29:43.3
7384,21.008738,105.8539832,2305:477001.400,29:43.4
7385,21.008738,105.8539833,2305:477001.450,29:43.4
7386,21.008738,105.8539833,2305:477001.500,29:43.5
7387,21.008738,105.8539835,2305:477001.550,29:43.5
7388,21.00873783,105.8539835,2305:477001.600,29:43.6
7389,21.00873783,105.8539835,2305:477001.650,29:43.6
7390,21.00873783,105.8539835,2305:477001.700,29:43.7
7391,21.00873783,105.8539835,2305:477001.750,29:43.7
7392,21.00873767,105.8539833,2305:477001.800,29:43.8
7393,21.00873767,105.8539833,2305:477001.850,29:43.8
7394,21.00873767,105.8539832,2305:477001.900,29:43.9
7395,21.00873767,105.8539833,2305:477001.950,29:43.9
7396,21.0087375,105.8539833,2305:477002.050,29:44.0
7397,21.00873733,105.8539832,2305:477002.100,29:44.1
7398,21.00873733,105.8539832,2305:477002.150,29:44.1
7399,21.00873733,105.8539832,2305:477002.200,29:44.2
7400,21.00873733,105.8539832,2305:477002.250,29:44.2
7401,21.00873717,105.8539832,2305:477002.300,29:44.3
7402,21.00873717,105.8539832,2305:477002.350,29:44.3
7403,21.008737,105.853983,2305:477002.400,29:44.4
7404,21.008737,105.853983,2305:477002.450,29:44.4
7405,21.00873683,105.853983,2305:477002.500,29:44.5
7406,21.00873683,105.853983,2305:477002.550,29:44.5
7407,21.00873683,105.853983,2305:477002.600,29:44.6
7408,21.00873667,105.853983,2305:477002.650,29:44.6
7409,21.00873667,105.853983,2305:477002.700,29:44.7
7410,21.0087365,105.853983,2305:477002.750,29:44.7
7411,21.0087365,105.853983,2305:477002.800,29:44.8
7412,21.0087365,105.853983,2305:477002.850,29:44.8
7413,21.00873633,105.8539828,2305:477002.900,29:44.9
7414,21.00873633,105.8539828,2305:477002.950,29:44.9
7415,21.00873633,105.8539828,2305:477003.050,29:45.0
7416,21.00873617,105.8539828,2305:477003.100,29:45.1
7417,21.00873617,105.8539828,2305:477003.150,29:45.2
7418,21.008736,105.8539827,2305:477003.200,29:45.2
7419,21.008736,105.8539827,2305:477003.250,29:45.2
7420,21.00873583,105.8539827,2305:477003.300,29:45.3
7421,21.00873583,105.8539828,2305:477003.350,29:45.3
7422,21.00873567,105.8539827,2305:477003.400,29:45.4
7423,21.00873567,105.8539827,2305:477003.450,29:45.4
7424,21.00873567,105.8539825,2305:477003.500,29:45.5
7425,21.0087355,105.8539825,2305:477003.550,29:45.5
7426,21.0087355,105.8539825,2305:477003.600,29:45.6
7427,21.0087355,105.8539825,2305:477003.650,29:45.6
7428,21.00873533,105.8539827,2305:477003.700,29:45.7
7429,21.00873533,105.8539825,2305:477003.750,29:45.7
7430,21.00873517,105.8539825,2305:477003.800,29:45.8
7431,21.00873517,105.8539825,2305:477003.850,29:45.8
7432,21.00873517,105.8539825,2305:477003.900,29:45.9
7433,21.008735,105.8539825,2305:477003.950,29:45.9
7434,21.008735,105.8539825,2305:477004.000,29:46.0
7435,21.00873483,105.8539823,2305:477004.050,29:46.0
7436,21.00873483,105.8539823,2305:477004.150,29:46.1
7437,21.00873483,105.8539823,2305:477004.200,29:46.2
7438,21.00873467,105.8539823,2305:477004.250,29:46.2
7439,21.00873467,105.8539823,2305:477004.300,29:46.3
7440,21.0087345,105.8539822,2305:477004.350,29:46.3
7441,21.0087345,105.8539822,2305:477004.400,29:46.4
7442,21.0087345,105.8539823,2305:477004.450,29:46.4
7443,21.0087345,105.8539823,2305:477004.500,29:46.5
7444,21.0087345,105.8539823,2305:477004.550,29:46.5
7445,21.0087345,105.8539822,2305:477004.600,29:46.6
7446,21.0087345,105.8539822,2305:477004.650,29:46.6
7447,21.0087345,105.8539822,2305:477004.700,29:46.7
7448,21.0087345,105.8539822,2305:477004.750,29:46.7
7449,21.0087345,105.8539822,2305:477004.800,29:46.8
7450,21.0087345,105.8539822,2305:477004.850,29:46.8
7451,21.0087345,105.8539822,2305:477004.900,29:46.9
7452,21.0087345,105.8539822,2305:477004.950,29:46.9
7453,21.00873433,105.8539822,2305:477005.000,29:47.0
7454,21.0087345,105.8539822,2305:477005.050,29:47.0
7455,21.0087345,105.8539822,2305:477005.100,29:47.1
7456,21.00873433,105.8539822,2305:477005.200,29:47.2
7457,21.00873433,105.8539822,2305:477005.250,29:47.2
7458,21.00873433,105.8539822,2305:477005.300,29:47.3
7459,21.00873433,105.8539822,2305:477005.350,29:47.4
7460,21.00873433,105.8539822,2305:477005.400,29:47.4
7461,21.00873433,105.8539822,2305:477005.450,29:47.4
7462,21.00873433,105.8539822,2305:477005.500,29:47.5
7463,21.00873433,105.8539822,2305:477005.550,29:47.5
7464,21.00873433,105.8539822,2305:477005.600,29:47.6
7465,21.00873433,105.8539822,2305:477005.650,29:47.6
7466,21.00873433,105.8539822,2305:477005.700,29:47.7
7467,21.00873433,105.853982,2305:477005.750,29:47.7
7468,21.00873433,105.853982,2305:477005.800,29:47.8
7469,21.00873433,105.853982,2305:477005.850,29:47.8
7470,21.00873433,105.8539822,2305:477005.900,29:47.9
7471,21.00873433,105.853982,2305:477005.950,29:47.9
7472,21.00873417,105.8539822,2305:477006.000,29:48.0
7473,21.00873417,105.8539822,2305:477006.050,29:48.1
7474,21.00873417,105.8539822,2305:477006.150,29:48.1
7475,21.00873417,105.853982,2305:477006.200,29:48.2
7476,21.00873417,105.853982,2305:477006.250,29:48.2
7477,21.00873417,105.8539822,2305:477006.300,29:48.3
7478,21.00873417,105.853982,2305:477006.350,29:48.3
7479,21.00873417,105.853982,2305:477006.400,29:48.4
7480,21.00873417,105.853982,2305:477006.450,29:48.4
7481,21.008734,105.853982,2305:477006.500,29:48.5
7482,21.008734,105.8539822,2305:477006.550,29:48.5
7483,21.008734,105.8539822,2305:477006.600,29:48.6
7484,21.008734,105.8539822,2305:477006.650,29:48.6
7485,21.008734,105.8539822,2305:477006.700,29:48.7
7486,21.008734,105.853982,2305:477006.750,29:48.7
7487,21.008734,105.853982,2305:477006.800,29:48.8
7488,21.008734,105.8539822,2305:477006.850,29:48.8
7489,21.008734,105.8539822,2305:477006.900,29:48.9
7490,21.00873383,105.853982,2305:477006.950,29:48.9
7491,21.00873383,105.853982,2305:477007.050,29:49.0
7492,21.00873383,105.853982,2305:477007.100,29:49.1
7493,21.00873383,105.853982,2305:477007.150,29:49.1
7494,21.00873383,105.853982,2305:477007.200,29:49.2
7495,21.00873383,105.853982,2305:477007.250,29:49.2
7496,21.00873383,105.853982,2305:477007.300,29:49.3
7497,21.00873367,105.853982,2305:477007.350,29:49.3
7498,21.00873367,105.853982,2305:477007.400,29:49.4
7499,21.00873367,105.8539818,2305:477007.450,29:49.4
7500,21.0087335,105.8539818,2305:477007.500,29:49.5
7501,21.0087335,105.8539818,2305:477007.550,29:49.6
7502,21.0087335,105.8539818,2305:477007.600,29:49.6
7503,21.00873333,105.8539818,2305:477007.650,29:49.6
7504,21.00873333,105.8539818,2305:477007.700,29:49.7
7505,21.00873317,105.8539817,2305:477007.750,29:49.7
7506,21.00873317,105.8539817,2305:477007.800,29:49.8
7507,21.00873317,105.8539817,2305:477007.850,29:49.8
7508,21.008733,105.8539817,2305:477007.900,29:49.9
7509,21.008733,105.8539815,2305:477007.950,29:49.9
7510,21.00873283,105.8539815,2305:477008.000,29:50.0
7511,21.00873283,105.8539815,2305:477008.050,29:50.0
7512,21.00873283,105.8539815,2305:477008.100,29:50.1
7513,21.00873267,105.8539815,2305:477008.200,29:50.2
7514,21.00873267,105.8539815,2305:477008.250,29:50.3
7515,21.00873267,105.8539815,2305:477008.300,29:50.3
7516,21.0087325,105.8539813,2305:477008.350,29:50.3
7517,21.0087325,105.8539813,2305:477008.400,29:50.4
7518,21.00873233,105.8539813,2305:477008.450,29:50.4
7519,21.00873233,105.8539813,2305:477008.500,29:50.5
7520,21.00873233,105.8539813,2305:477008.550,29:50.5
7521,21.00873233,105.8539813,2305:477008.600,29:50.6
7522,21.00873217,105.8539813,2305:477008.650,29:50.6
7523,21.00873217,105.8539813,2305:477008.700,29:50.7
7524,21.00873217,105.8539812,2305:477008.750,29:50.7
7525,21.00873217,105.8539812,2305:477008.800,29:50.8
7526,21.00873217,105.8539812,2305:477008.850,29:50.8
7527,21.008732,105.8539812,2305:477008.900,29:50.9
7528,21.008732,105.8539812,2305:477008.950,29:50.9
7529,21.008732,105.8539812,2305:477009.050,29:51.0
7530,21.008732,105.8539812,2305:477009.100,29:51.1
7531,21.008732,105.8539812,2305:477009.150,29:51.1
7532,21.008732,105.8539812,2305:477009.200,29:51.2
7533,21.008732,105.8539812,2305:477009.250,29:51.2
7534,21.008732,105.8539813,2305:477009.300,29:51.3
7535,21.008732,105.8539813,2305:477009.350,29:51.3
7536,21.008732,105.8539812,2305:477009.400,29:51.4
7537,21.008732,105.8539812,2305:477009.450,29:51.4
7538,21.008732,105.8539812,2305:477009.500,29:51.5
7539,21.008732,105.8539812,2305:477009.550,29:51.5
7540,21.008732,105.8539812,2305:477009.600,29:51.6
7541,21.008732,105.8539812,2305:477009.650,29:51.6
7542,21.00873183,105.853981,2305:477009.700,29:51.7
7543,21.00873183,105.8539812,2305:477009.750,29:51.7
7544,21.00873183,105.853981,2305:477009.800,29:51.8
7545,21.00873183,105.853981,2305:477009.850,29:51.8
7546,21.00873183,105.853981,2305:477009.900,29:51.9
7547,21.00873183,105.853981,2305:477009.950,29:51.9
7548,21.00873183,105.853981,2305:477010.050,29:52.0
7549,21.00873167,105.853981,2305:477010.100,29:52.1
7550,21.00873167,105.853981,2305:477010.150,29:52.1
7551,21.00873167,105.853981,2305:477010.200,29:52.2
7552,21.00873167,105.8539808,2305:477010.250,29:52.2
7553,21.00873167,105.8539808,2305:477010.300,29:52.3
7554,21.0087315,105.8539808,2305:477010.350,29:52.3
7555,21.0087315,105.8539808,2305:477010.400,29:52.4
7556,21.0087315,105.8539808,2305:477010.450,29:52.5
7557,21.0087315,105.8539808,2305:477010.500,29:52.5
7558,21.0087315,105.8539808,2305:477010.550,29:52.5
7559,21.0087315,105.8539808,2305:477010.600,29:52.6
7560,21.0087315,105.8539808,2305:477010.650,29:52.6
7561,21.0087315,105.8539808,2305:477010.700,29:52.7
7562,21.0087315,105.8539808,2305:477010.750,29:52.7
7563,21.0087315,105.8539808,2305:477010.800,29:52.8
7564,21.0087315,105.8539808,2305:477010.850,29:52.8
7565,21.0087315,105.8539808,2305:477010.900,29:52.9
7566,21.0087315,105.8539808,2305:477010.950,29:52.9
7567,21.0087315,105.8539808,2305:477011.000,29:53.0
7568,21.0087315,105.8539808,2305:477011.050,29:53.0
7569,21.0087315,105.8539808,2305:477011.100,29:53.1
7570,21.00873133,105.8539808,2305:477011.200,29:53.2
7571,21.00873133,105.8539808,2305:477011.250,29:53.2
7572,21.00873133,105.8539808,2305:477011.300,29:53.3
7573,21.00873133,105.8539808,2305:477011.350,29:53.3
7574,21.00873133,105.8539808,2305:477011.400,29:53.4
7575,21.00873133,105.8539808,2305:477011.450,29:53.4
7576,21.00873133,105.8539808,2305:477011.500,29:53.5
7577,21.00873117,105.8539807,2305:477011.550,29:53.5
7578,21.00873117,105.8539807,2305:477011.600,29:53.6
7579,21.00873133,105.8539807,2305:477011.650,29:53.6
7580,21.00873133,105.8539807,2305:477011.700,29:53.7
7581,21.00873117,105.8539807,2305:477011.750,29:53.7
7582,21.00873117,105.8539807,2305:477011.800,29:53.8
7583,21.00873117,105.8539807,2305:477011.850,29:53.8
7584,21.00873117,105.8539807,2305:477011.900,29:53.9
7585,21.00873117,105.8539807,2305:477011.950,29:53.9
7586,21.00873117,105.8539807,2305:477012.050,29:54.0
7587,21.008731,105.8539807,2305:477012.100,29:54.1
7588,21.008731,105.8539807,2305:477012.150,29:54.1
7589,21.008731,105.8539805,2305:477012.200,29:54.2
7590,21.008731,105.8539805,2305:477012.250,29:54.2
7591,21.008731,105.8539805,2305:477012.300,29:54.3
7592,21.00873083,105.8539805,2305:477012.350,29:54.3
7593,21.00873083,105.8539805,2305:477012.400,29:54.4
7594,21.00873083,105.8539805,2305:477012.450,29:54.4
7595,21.00873083,105.8539805,2305:477012.500,29:54.5
7596,21.00873083,105.8539805,2305:477012.550,29:54.5
7597,21.00873083,105.8539805,2305:477012.600,29:54.6
7598,21.00873067,105.8539805,2305:477012.650,29:54.7
7599,21.00873067,105.8539803,2305:477012.700,29:54.7
7600,21.0087305,105.8539803,2305:477012.750,29:54.7
7601,21.0087305,105.8539803,2305:477012.800,29:54.8
7602,21.0087305,105.8539803,2305:477012.850,29:54.8
7603,21.00873033,105.8539802,2305:477012.900,29:54.9
7604,21.00873033,105.8539802,2305:477012.950,29:54.9
7605,21.00873033,105.8539802,2305:477013.050,29:55.0
7606,21.00873033,105.8539802,2305:477013.100,29:55.1
7607,21.00873033,105.8539802,2305:477013.150,29:55.1
7608,21.00873033,105.8539802,2305:477013.200,29:55.2
7609,21.00873033,105.85398,2305:477013.250,29:55.2
7610,21.00873033,105.85398,2305:477013.300,29:55.3
7611,21.00873033,105.8539802,2305:477013.350,29:55.4
7612,21.00873033,105.8539802,2305:477013.400,29:55.4
7613,21.00873033,105.8539802,2305:477013.450,29:55.4
7614,21.0087305,105.85398,2305:477013.500,29:55.5
7615,21.00873033,105.8539802,2305:477013.550,29:55.5
7616,21.00873033,105.85398,2305:477013.600,29:55.6
7617,21.00873033,105.85398,2305:477013.650,29:55.6
7618,21.0087305,105.85398,2305:477013.700,29:55.7
7619,21.00873033,105.85398,2305:477013.750,29:55.7
7620,21.00873033,105.8539798,2305:477013.800,29:55.8
7621,21.00873033,105.8539798,2305:477013.850,29:55.8
7622,21.00873033,105.8539798,2305:477013.900,29:55.9
7623,21.00873033,105.8539798,2305:477013.950,29:55.9
7624,21.00873033,105.8539798,2305:477014.050,29:56.0
7625,21.00873033,105.85398,2305:477014.100,29:56.1
7626,21.00873033,105.85398,2305:477014.150,29:56.1
7627,21.00873033,105.85398,2305:477014.200,29:56.2
7628,21.00873033,105.85398,2305:477014.250,29:56.2
7629,21.0087305,105.8539798,2305:477014.300,29:56.3
7630,21.0087305,105.8539798,2305:477014.350,29:56.3
7631,21.0087305,105.8539798,2305:477014.400,29:56.4
7632,21.00873033,105.8539798,2305:477014.450,29:56.4
7633,21.00873033,105.8539797,2305:477014.500,29:56.5
7634,21.00873033,105.8539797,2305:477014.550,29:56.5
7635,21.00873033,105.8539797,2305:477014.600,29:56.6
7636,21.00873033,105.8539797,2305:477014.650,29:56.6
7637,21.00873033,105.8539797,2305:477014.700,29:56.7
7638,21.00873033,105.8539797,2305:477014.750,29:56.7
7639,21.00873033,105.8539797,2305:477014.800,29:56.8
7640,21.00873033,105.8539797,2305:477014.850,29:56.8
7641,21.00873017,105.8539795,2305:477014.900,29:56.9
7642,21.00873033,105.8539795,2305:477014.950,29:56.9
7643,21.00873033,105.8539795,2305:477015.000,29:57.0
7644,21.00873033,105.8539795,2305:477015.050,29:57.0
7645,21.00873033,105.8539795,2305:477015.150,29:57.1
7646,21.00873033,105.8539795,2305:477015.200,29:57.2
7647,21.00873033,105.8539795,2305:477015.250,29:57.2
7648,21.00873017,105.8539795,2305:477015.300,29:57.3
7649,21.00873033,105.8539793,2305:477015.350,29:57.3
7650,21.00873033,105.8539793,2305:477015.400,29:57.4
7651,21.00873033,105.8539793,2305:477015.450,29:57.4
7652,21.00873033,105.8539793,2305:477015.500,29:57.5
7653,21.00873033,105.8539793,2305:477015.550,29:57.6
7654,21.00873033,105.8539793,2305:477015.600,29:57.6
7655,21.00873033,105.8539793,2305:477015.650,29:57.6
7656,21.00873033,105.8539793,2305:477015.700,29:57.7
7657,21.00873033,105.8539793,2305:477015.750,29:57.7
7658,21.0087305,105.8539795,2305:477015.800,29:57.8
7659,21.0087305,105.8539793,2305:477015.850,29:57.8
7660,21.0087305,105.8539793,2305:477015.900,29:57.9
7661,21.0087305,105.8539793,2305:477015.950,29:57.9
7662,21.0087305,105.8539793,2305:477016.050,29:58.0
7663,21.0087305,105.8539792,2305:477016.100,29:58.1
7664,21.0087305,105.8539792,2305:477016.150,29:58.1
7665,21.0087305,105.8539792,2305:477016.200,29:58.2
7666,21.0087305,105.8539792,2305:477016.250,29:58.3
7667,21.0087305,105.8539792,2305:477016.300,29:58.3
7668,21.00873067,105.8539792,2305:477016.350,29:58.3
7669,21.0087305,105.8539792,2305:477016.400,29:58.4
7670,21.0087305,105.8539792,2305:477016.450,29:58.4
7671,21.0087305,105.853979,2305:477016.500,29:58.5
7672,21.0087305,105.853979,2305:477016.550,29:58.5
7673,21.0087305,105.8539792,2305:477016.600,29:58.6
7674,21.0087305,105.8539792,2305:477016.650,29:58.6
7675,21.0087305,105.8539792,2305:477016.700,29:58.7
7676,21.0087305,105.853979,2305:477016.750,29:58.7
7677,21.00873067,105.853979,2305:477016.800,29:58.8
7678,21.0087305,105.853979,2305:477016.850,29:58.8
7679,21.00873033,105.853979,2305:477016.900,29:58.9
7680,21.00873033,105.853979,2305:477016.950,29:58.9
7681,21.00873033,105.853979,2305:477017.050,29:59.0
7682,21.00873033,105.853979,2305:477017.100,29:59.1
7683,21.00873033,105.853979,2305:477017.150,29:59.1
7684,21.00873033,105.8539788,2305:477017.200,29:59.2
7685,21.00873033,105.8539788,2305:477017.250,29:59.2
7686,21.00873033,105.8539788,2305:477017.300,29:59.3
7687,21.00873033,105.8539788,2305:477017.350,29:59.3
7688,21.00873033,105.8539788,2305:477017.400,29:59.4
7689,21.00873033,105.8539788,2305:477017.450,29:59.4
7690,21.00873033,105.8539787,2305:477017.500,29:59.5
7691,21.00873033,105.8539787,2305:477017.550,29:59.5
7692,21.00873033,105.8539787,2305:477017.600,29:59.6
7693,21.00873033,105.8539787,2305:477017.650,29:59.6
7694,21.00873033,105.8539787,2305:477017.700,29:59.7
7695,21.00873017,105.8539785,2305:477017.750,29:59.8
7696,21.00873017,105.8539785,2305:477017.800,29:59.8
7697,21.00873017,105.8539785,2305:477017.850,29:59.8
7698,21.00873017,105.8539785,2305:477017.900,29:59.9
7699,21.00873017,105.8539785,2305:477017.950,29:59.9
7700,21.00873017,105.8539785,2305:477018.050,30:00.0
7701,21.00873017,105.8539785,2305:477018.150,30:00.1
7702,21.00873,105.8539785,2305:477018.200,30:00.2
7703,21.00873,105.8539785,2305:477018.250,30:00.2
7704,21.00872983,105.8539785,2305:477018.300,30:00.3
7705,21.00872983,105.8539785,2305:477018.350,30:00.3
7706,21.00872983,105.8539785,2305:477018.400,30:00.4
7707,21.00873,105.8539785,2305:477018.450,30:00.5
7708,21.00872983,105.8539785,2305:477018.500,30:00.5
7709,21.00872983,105.8539785,2305:477018.550,30:00.5
7710,21.00872983,105.8539785,2305:477018.600,30:00.6
7711,21.00872983,105.8539785,2305:477018.650,30:00.6
7712,21.00872983,105.8539785,2305:477018.700,30:00.7
7713,21.00872983,105.8539785,2305:477018.750,30:00.7
7714,21.00872967,105.8539785,2305:477018.800,30:00.8
7715,21.00872967,105.8539785,2305:477018.850,30:00.8
7716,21.00872967,105.8539785,2305:477018.900,30:00.9
7717,21.00872983,105.8539785,2305:477018.950,30:00.9
7718,21.00872967,105.8539785,2305:477019.050,30:01.0
7719,21.00872967,105.8539785,2305:477019.100,30:01.1
7720,21.00872967,105.8539785,2305:477019.150,30:01.1
7721,21.00872967,105.8539783,2305:477019.200,30:01.2
7722,21.00872967,105.8539785,2305:477019.250,30:01.2
7723,21.00872967,105.8539785,2305:477019.350,30:01.3
7724,21.00872967,105.8539785,2305:477019.400,30:01.4
7725,21.00872967,105.8539785,2305:477019.450,30:01.4
7726,21.0087295,105.8539785,2305:477019.500,30:01.5
7727,21.00872967,105.8539785,2305:477019.550,30:01.5
7728,21.00872967,105.8539783,2305:477019.600,30:01.6
7729,21.00872967,105.8539783,2305:477019.650,30:01.6
7730,21.0087295,105.8539783,2305:477019.700,30:01.7
7731,21.0087295,105.8539785,2305:477019.750,30:01.7
7732,21.0087295,105.8539783,2305:477019.800,30:01.8
7733,21.0087295,105.8539783,2305:477019.850,30:01.8
7734,21.0087295,105.8539783,2305:477019.900,30:01.9
7735,21.00872933,105.8539783,2305:477019.950,30:01.9
7736,21.0087295,105.8539783,2305:477020.050,30:02.0
7737,21.0087295,105.8539783,2305:477020.100,30:02.1
7738,21.00872933,105.8539783,2305:477020.150,30:02.1
7739,21.00872933,105.8539783,2305:477020.200,30:02.2
7740,21.00872933,105.8539783,2305:477020.250,30:02.2
7741,21.00872933,105.8539783,2305:477020.300,30:02.3
7742,21.00872933,105.8539783,2305:477020.350,30:02.3
7743,21.00872933,105.8539785,2305:477020.400,30:02.4
7744,21.00872933,105.8539783,2305:477020.450,30:02.4
7745,21.00872917,105.8539783,2305:477020.500,30:02.5
7746,21.00872917,105.8539783,2305:477020.550,30:02.5
7747,21.00872933,105.8539783,2305:477020.600,30:02.6
7748,21.00872933,105.8539783,2305:477020.650,30:02.7
7749,21.00872933,105.8539783,2305:477020.700,30:02.7
7750,21.00872933,105.8539783,2305:477020.750,30:02.7
7751,21.00872933,105.8539783,2305:477020.800,30:02.8
7752,21.00872933,105.8539783,2305:477020.850,30:02.8
7753,21.0087295,105.8539782,2305:477020.900,30:02.9
7754,21.0087295,105.8539782,2305:477020.950,30:02.9
7755,21.0087295,105.8539782,2305:477021.050,30:03.0
7756,21.0087295,105.8539782,2305:477021.100,30:03.1
7757,21.0087295,105.8539782,2305:477021.150,30:03.1
7758,21.0087295,105.8539782,2305:477021.200,30:03.2
7759,21.0087295,105.8539782,2305:477021.250,30:03.2
7760,21.0087295,105.8539782,2305:477021.300,30:03.3
7761,21.0087295,105.8539782,2305:477021.350,30:03.3
7762,21.0087295,105.8539782,2305:477021.400,30:03.4
7763,21.0087295,105.8539782,2305:477021.450,30:03.4
7764,21.0087295,105.8539782,2305:477021.500,30:03.5
7765,21.0087295,105.8539782,2305:477021.550,30:03.5
7766,21.0087295,105.8539782,2305:477021.600,30:03.6
7767,21.0087295,105.8539782,2305:477021.650,30:03.6
7768,21.0087295,105.853978,2305:477021.700,30:03.7
7769,21.0087295,105.853978,2305:477021.750,30:03.7
7770,21.0087295,105.853978,2305:477021.800,30:03.8
7771,21.0087295,105.853978,2305:477021.850,30:03.8
7772,21.0087295,105.853978,2305:477021.900,30:03.9
7773,21.0087295,105.853978,2305:477021.950,30:03.9
7774,21.0087295,105.853978,2305:477022.050,30:04.0
7775,21.0087295,105.853978,2305:477022.100,30:04.1
7776,21.0087295,105.853978,2305:477022.150,30:04.1
7777,21.00872933,105.853978,2305:477022.200,30:04.2
7778,21.00872933,105.853978,2305:477022.250,30:04.2
7779,21.0087295,105.853978,2305:477022.300,30:04.3
7780,21.00872933,105.853978,2305:477022.350,30:04.3
7781,21.00872933,105.8539782,2305:477022.400,30:04.4
7782,21.00872933,105.8539782,2305:477022.450,30:04.4
7783,21.00872933,105.8539782,2305:477022.500,30:04.5
7784,21.00872933,105.8539782,2305:477022.550,30:04.5
7785,21.00872933,105.853978,2305:477022.600,30:04.6
7786,21.00872933,105.8539782,2305:477022.650,30:04.6
7787,21.00872933,105.8539782,2305:477022.700,30:04.7
7788,21.00872933,105.8539782,2305:477022.750,30:04.7
7789,21.00872917,105.8539782,2305:477022.800,30:04.8
7790,21.00872917,105.8539782,2305:477022.850,30:04.9
7791,21.00872917,105.8539782,2305:477022.900,30:04.9
7792,21.00872917,105.8539782,2305:477022.950,30:04.9
7793,21.00872917,105.8539782,2305:477023.050,30:05.0
7794,21.00872917,105.853978,2305:477023.100,30:05.1
7795,21.00872917,105.8539782,2305:477023.150,30:05.1
7796,21.00872917,105.8539782,2305:477023.200,30:05.2
7797,21.00872917,105.8539782,2305:477023.250,30:05.2
7798,21.008729,105.8539782,2305:477023.300,30:05.3
7799,21.008729,105.8539782,2305:477023.350,30:05.3
7800,21.008729,105.8539783,2305:477023.400,30:05.4
7801,21.008729,105.8539783,2305:477023.450,30:05.4
7802,21.008729,105.8539783,2305:477023.500,30:05.5
7803,21.008729,105.8539785,2305:477023.550,30:05.6
7804,21.008729,105.8539787,2305:477023.600,30:05.6
7805,21.008729,105.8539787,2305:477023.650,30:05.6
7806,21.008729,105.8539788,2305:477023.700,30:05.7
7807,21.008729,105.853979,2305:477023.750,30:05.7
7808,21.008729,105.8539792,2305:477023.800,30:05.8
7809,21.008729,105.8539792,2305:477023.850,30:05.8
7810,21.008729,105.8539792,2305:477023.900,30:05.9
7811,21.008729,105.8539793,2305:477023.950,30:05.9
7812,21.008729,105.8539795,2305:477024.000,30:06.0
7813,21.00872917,105.8539795,2305:477024.050,30:06.0
7814,21.00872917,105.85398,2305:477024.150,30:06.1
7815,21.00872933,105.8539802,2305:477024.200,30:06.2
7816,21.00872933,105.8539802,2305:477024.250,30:06.2
7817,21.00872933,105.8539803,2305:477024.300,30:06.3
7818,21.00872933,105.8539803,2305:477024.350,30:06.3
7819,21.00872933,105.8539805,2305:477024.400,30:06.4
7820,21.00872933,105.8539807,2305:477024.450,30:06.4
7821,21.0087295,105.8539808,2305:477024.500,30:06.5
7822,21.0087295,105.8539808,2305:477024.550,30:06.5
7823,21.0087295,105.853981,2305:477024.600,30:06.6
7824,21.0087295,105.8539812,2305:477024.650,30:06.6
7825,21.00872967,105.8539813,2305:477024.700,30:06.7
7826,21.00872967,105.8539815,2305:477024.750,30:06.7
7827,21.00872983,105.8539817,2305:477024.800,30:06.8
7828,21.00872983,105.8539818,2305:477024.850,30:06.8
7829,21.00872983,105.853982,2305:477024.900,30:06.9
7830,21.00873,105.8539822,2305:477024.950,30:06.9
7831,21.00873,105.8539823,2305:477025.050,30:07.0
7832,21.00873,105.8539825,2305:477025.100,30:07.1
7833,21.00873,105.8539827,2305:477025.150,30:07.1
7834,21.00873,105.8539828,2305:477025.200,30:07.2
7835,21.00873,105.853983,2305:477025.250,30:07.2
7836,21.00873,105.853983,2305:477025.300,30:07.3
7837,21.00873,105.8539832,2305:477025.350,30:07.3
7838,21.00873,105.8539833,2305:477025.400,30:07.4
7839,21.00873,105.8539833,2305:477025.450,30:07.4
7840,21.00873,105.8539835,2305:477025.500,30:07.5
7841,21.00873,105.8539837,2305:477025.550,30:07.5
7842,21.00873,105.8539837,2305:477025.600,30:07.6
7843,21.00873,105.853984,2305:477025.650,30:07.6
7844,21.00873017,105.8539842,2305:477025.700,30:07.7
7845,21.00873017,105.8539842,2305:477025.750,30:07.8
7846,21.00873017,105.8539843,2305:477025.800,30:07.8
7847,21.00873017,105.8539845,2305:477025.850,30:07.8
7848,21.00873017,105.8539847,2305:477025.900,30:07.9
7849,21.00873017,105.8539847,2305:477025.950,30:07.9
7850,21.00873033,105.853985,2305:477026.050,30:08.0
7851,21.00873033,105.8539853,2305:477026.150,30:08.1
7852,21.0087305,105.8539857,2305:477026.250,30:08.2
7853,21.0087305,105.8539858,2305:477026.300,30:08.3
7854,21.00873033,105.853986,2305:477026.350,30:08.3
7855,21.00873033,105.8539862,2305:477026.400,30:08.4
7856,21.00873033,105.8539863,2305:477026.450,30:08.4
7857,21.0087305,105.8539865,2305:477026.500,30:08.5
7858,21.0087305,105.8539868,2305:477026.550,30:08.5
7859,21.00873067,105.853987,2305:477026.600,30:08.6
7860,21.00873067,105.8539872,2305:477026.650,30:08.6
7861,21.00873083,105.8539873,2305:477026.700,30:08.7
7862,21.00873083,105.8539877,2305:477026.750,30:08.7
7863,21.00873083,105.8539878,2305:477026.800,30:08.8
7864,21.008731,105.8539882,2305:477026.850,30:08.8
7865,21.008731,105.8539883,2305:477026.900,30:08.9
7866,21.008731,105.8539887,2305:477026.950,30:08.9
7867,21.00873117,105.8539893,2305:477027.050,30:09.0
7868,21.00873117,105.8539897,2305:477027.100,30:09.1
7869,21.00873117,105.85399,2305:477027.150,30:09.1
7870,21.00873117,105.8539903,2305:477027.200,30:09.2
7871,21.00873117,105.8539907,2305:477027.250,30:09.2
7872,21.00873133,105.853991,2305:477027.300,30:09.3
7873,21.0087315,105.8539913,2305:477027.350,30:09.3
7874,21.0087315,105.8539918,2305:477027.400,30:09.4
7875,21.0087315,105.8539923,2305:477027.450,30:09.4
7876,21.00873167,105.8539927,2305:477027.500,30:09.5
7877,21.00873167,105.853993,2305:477027.550,30:09.5
7878,21.00873167,105.8539937,2305:477027.600,30:09.6
7879,21.00873183,105.8539942,2305:477027.650,30:09.6
7880,21.00873183,105.8539945,2305:477027.700,30:09.7
7881,21.00873183,105.853995,2305:477027.750,30:09.7
7882,21.00873183,105.8539955,2305:477027.800,30:09.8
7883,21.008732,105.853996,2305:477027.850,30:09.8
7884,21.008732,105.8539967,2305:477027.900,30:09.9
7885,21.00873217,105.8539973,2305:477027.950,30:10.0
7886,21.0087325,105.8539987,2305:477028.050,30:10.0
7887,21.00873283,105.8539993,2305:477028.100,30:10.1
7888,21.008733,105.8540002,2305:477028.150,30:10.1
7889,21.008733,105.854001,2305:477028.200,30:10.2
7890,21.00873317,105.8540018,2305:477028.250,30:10.2
